title,organization,state,sector,remote_type,salary_min,salary_max,date_posted,apply_url,description,source
Librarian (Vacancy#VAR003433),Library of Congress,DC,,,,,2026-10-06,https://www.arl.org/job-posting/librarian-vacancyvar003433/,"Librarian (Vacancy#VAR003433) Librarian (Vacancy#VAR003433) Library of Congress Job Location: Apply By: 11/05/2026 Date Created: 10/06/2026 Opening Date : October 05, 2026 Closing Date : November 05, 2026 OPM Control Number : 887664700 Vacancy Number : VAR003433 LC Organization Unit : Discovery and Preservation Services Grade : GS-09 Series : 1410 Minimum Salary : $70,623.00 Maximum Salary : $91,815.00 Work Schedule : fulltime Promotion Potential : GS-12 Duty Location : Washington, DC Security Clearance : Not Required Availability : Open to All The Library of Congress shares its vast collections of books, manuscripts, photographs, maps, audiovisual materials, and priceless artifacts to cultivate curiosity and spark imagination. We engage, inspire, and inform Congress and the American people with a universal and enduring source of knowledge and creativity. We seek highly talented professionals to join a vibrant and collaborative community. Your work here will have lasting impact on the Library and its users well into the future. This position serves as a Librarian in the Acquisitions & Bibliographic Access Directorate (ABA), Discovery and Preservation Services (DPS), at the Library of Congress (LOC). We encourage you to stay connected by signing up to receive job and internship alerts and by following us on . Learn More » Related Documents There are no related documents for this job post.

Source: https://www.arl.org/job-posting/librarian-vacancyvar003433/",ARL
Head of Academic and Clinical Research Support,"University of California, Irvine Libraries",CA,Academic,,,,2026-10-06,https://www.arl.org/job-posting/head-of-academic-and-clinical-research-support/,"Head of Academic and Clinical Research Support Head of Academic and Clinical Research Support University of California, Irvine Libraries Job Location: Apply By: 11/2/2026 Date Created: 10/06/2026 Head of Academic and Clinical Research Support The University of California, Irvine Libraries seeks a creative, knowledgeable, and user-oriented Head of Academic and Clinical Research Support to join our collaborative team. Reporting to the Associate University Librarian for Public Services, this full-time librarian position is a key member of the Libraries’ Leadership Council and Public Services Leadership team, ensuring effective, high-quality reference, user experience, and clinical care support services. Supervising a department that includes five librarian and nine staff colleagues who broadly support the academic and healthcare communities at UC Irvine, the Head of Academic and Clinical Research Support provides leadership in planning, development, delivery and assessment of library research support services at our Irvine and Orange library locations. As a member of the Public Services Leadership team, this position contributes to the long-range planning of library programs, services, and policies by working collaboratively with other leaders at UC Irvine Libraries and advises the AUL for Public Services on programmatic areas and strategic initiatives. This position is based in Irvine but will require occasional travel to the Grunigen Medical Library at the UC Irvine Medical Center in Orange. The UC Irvine Libraries are fully committed to inclusive excellence , and we encourage applicants to address how their skills, expertise, and experiences might serve the varied communities of California. Please feel free to include relevant information in any of your application materials. Qualified candidates from diverse backgrounds and life experiences are encouraged to apply. At the heart of the University of California, Irvine’s academic community, the UC Irvine Libraries plays a vital role in enabling our outstanding students, faculty, and researchers to create new knowledge, develop lifelong learning skills, and make meaningful contributions to society. We value innovation and collaboration, and we are committed to fostering an environment that promotes diversity, equity, and inclusion. Our commitment is described in our Diversity Statement and Plan, https://diversity.lib.uci.edu/diversity-statement-and-plan The UC Irvine Libraries received the 2024 Library Excellence in Access and Diversity (LEAD) Award from Insight Into Diversity magazine , a leader in advancing best practices in DEI (diversity, equity, and inclusion) in higher education. The Libraries’ physical spaces consist of the Langson Library, the Science Library, the Library Gateway Study Center, and the Grunigen Medical Library (located at the UC Irvine Medical Center in Orange, CA). The University of California, Irvine, is nestled in over 1,500 acres of coastal foothills, five miles from the Pacific Ocean, between San Diego and Los Angeles and located on the homelands of the Acjachemen and Tongva peoples, Land Acknowledgement . Founded in 1965, UC Irvine has over 37,000 undergraduate and graduate students and over 1,800 faculty and staff. Nearly 67% of UC Irvine students identify themselves as Asian American, African American, Chicano/Latino, or Native American. Over 50% of UC Irvine’s bachelor’s degrees are awarded to first generation college students. The University is committed to serving students from all backgrounds as demonstrated by UC Irvine’s Black Thriving Initiative and its designation as a Hispanic-Serving Institution (HSI), and an Asian American and Native American Pacific Islander-Serving Institution (AANAPISI), Minority Thriving Campus . The New York Times ranks UC Irvine as the #1 college doing the most for the American Dream, and U.S. News and Report ranks UC Irvine among the top ten public universities in the nation. The University offers graduate degree

Source: https://www.arl.org/job-posting/head-of-academic-and-clinical-research-support/",ARL
Director of Libraries,Williams College,MA,Academic,,,,2026-10-06,https://www.arl.org/job-posting/director-of-libraries/,"Director of Libraries Director of Libraries Williams College Job Location: Apply By: Open until filled Date Created: 10/06/2026 Director of Libraries Williams College Williamstown, Massachusetts Williams College (Williams), a leading private liberal arts college, seeks a dynamic, visionary, and collaborative leader as its next Director of Libraries (Director). Williams is recognized for extraordinary teaching and research. Williams Libraries (the libraries) are an integral nexus of the teaching and research mission that drives the College, and the next director will be the key leader who guides their continued vitality. They will lead an organization that embodies the Williams dedication to teaching and research, supports student learning and the work of faculty in and out of the classroom, and provides an accessible and inclusive space and service for all users. They will be, at their core, a partner who relishes the chance to work and collaborate in the close-knit community of a highly engaged residential liberal arts college, and a leader who actively promotes the organizational health of the libraries. The libraries are well-resourced to meet this critical mission. They are home to collections and special collections of unusual note, breadth, and depth. Teaching, learning, access, service, and research are supported by a dedicated, expert staff. Composed of Sawyer Library, Schow Science Library, and Special Collections, each space has undergone significant updates in recent years, including the award-winning renovation and expansion of Sawyer Library (including special collections and archives), which has seen the libraries become a physical hub on campus and a vital space in the community. The libraries have been intentional in strategic planning over the last decade, resulting in a coherent and diligent organization well-positioned to lead in the face of continuing change. The successful candidate will bring a deep understanding of the technological innovations and challenges facing academic libraries today, a strong commitment to intellectual diversity and inclusion, and a passion for the mission and goals of an outstanding liberal arts college. The candidate will have experience in the collaborative development and execution of a strategic vision; the expertise to balance support for the libraries’ legacy services with the evolution of new approaches to teaching, learning, scholarship, and dissemination of knowledge; and a successful record of organizational leadership. COMPENSATION AND LOCATION The compensation range for this position is $200,000-$230,000, commensurate with experience. This role is based on Williams’ campus in Williamstown, MA. Williams 2027 Benefits Guide can be viewed here . APPLICATIONS, INQUIRIES, AND NOMINATIONS Screening of complete applications will begin immediately and continue until the completion of the search process. Inquiries, nominations, referrals, and CVs with cover letters should be sent in confidence via the Isaacson, Miller website: https://www.imsearch.com/open-searches/williams-college/director-libraries Jackie Mildner, Partner Andy Marshall, Managing Associate Pamela Carty, Senior Search Coordinator Isaacson, Miller Employment at Williams is contingent on the verification of background information submitted by the applicant, including the completion of a criminal record check and education, when applicable. Decisions regarding appointments, promotions, and conditions of employment comply with applicable federal or state law prohibiting discrimination based on race, color, sex, national origin, religion, age, disability, marital status, sexual orientation, gender identity or expression, ancestry, or military service. It is unlawful in Massachusetts to require or administer a lie detector test as a condition of employment or continued employment. An employer who violates this law shall be subject to criminal penalties and civil liability. Beyond meeting fully its legal obligations

Source: https://www.arl.org/job-posting/director-of-libraries/",ARL
Assistant Chief (Music Division) (Vacancy#:VAR003448),Library of Congress,SC,,,,,2026-10-06,https://www.arl.org/job-posting/assistant-chief-music-division-vacancyvar003448/,"Assistant Chief (Music Division) (Vacancy#:VAR003448) Assistant Chief (Music Division) (Vacancy#:VAR003448) Library of Congress Job Location: Apply By: 10/20/2026 Date Created: 10/06/2026 Opening Date : October 05, 2026 Closing Date : October 20, 2026 OPM Control Number : 887408800 Vacancy Number : VAR003448 LC Organization Unit : Researcher and Collection Services Grade : GS-15 Series : 1410 Minimum Salary : $169,279.00 per year Maximum Salary : $197,200.00 per year Work Schedule : Full-time – Flexitime Promotion Potential : GS-15 Duty Location : Washington, DC Security Clearance : Other Availability : Open to All The position reports to the Chief of the Music Division and is responsible for the custody and service of the Library’s collections of music, theater and dance, including rare materials, manuscripts, microfilms, serials, librettos, music in digital formats, and prints, photographs, musical instruments, and other works of musical iconography. Under the Chief, the incumbent supervises and manages all activities of the Division, including the acquisition and processing of collections, reference services, bibliographic access, digital projects, and administration. We encourage you to stay connected by signing up to receive job and internship alerts and by following us on . Candidates with an MLIS or equivalent degree are strongly encouraged to apply. Learn More » Related Documents There are no related documents for this job post.

Source: https://www.arl.org/job-posting/assistant-chief-music-division-vacancyvar003448/",ARL
Librarian (Germanic and Slavic Division) (Vacancy#VAR003442),Library of Congress,DC,,,,,2026-10-06,https://www.arl.org/job-posting/librarian-germanic-and-slavic-division-vacancyvar003442/,"Librarian (Germanic and Slavic Division) (Vacancy#VAR003442) Librarian (Germanic and Slavic Division) (Vacancy#VAR003442) Library of Congress Job Location: Apply By: 11/02/2026 Date Created: 10/06/2026 Opening Date : October 02, 2026 Closing Date : November 02, 2026 OPM Control Number : 887414500 Vacancy Number : VAR003442 LC Organization Unit : Discovery and Preservation Services Grade : GS-09 Series : 1410 Minimum Salary : $70,623.00 Maximum Salary : $91,815.00 Work Schedule : Fulltime Promotion Potential : GS-12 Duty Location : Washington, DC Security Clearance : Other Availability : Open to All The Library of Congress shares its vast collections of books, manuscripts, photographs, maps, audiovisual materials, and priceless artifacts to cultivate curiosity and spark imagination. We engage, inspire, and inform Congress and the American people with a universal and enduring source of knowledge and creativity. We seek highly talented professionals to join a vibrant and collaborative community. Your work here will have lasting impact on the Library and its users well into the future. This position serves as a Librarian in the Acquisitions & Bibliographic Access Directorate (ABA), Discovery And Preservation Services (DPS), at the Library of Congress (LOC). We encourage you to stay connected by signing up to receive job and internship alerts and by following us on . Learn More » Related Documents There are no related documents for this job post.

Source: https://www.arl.org/job-posting/librarian-germanic-and-slavic-division-vacancyvar003442/",ARL
Data Curation Specialist for Humanities and Social Sciences,University of Michigan Library,MI,Academic,,,,2026-10-05,https://www.arl.org/job-posting/data-curation-specialist-for-humanities-and-social-sciences/,"Data Curation Specialist for Humanities and Social Sciences Data Curation Specialist for Humanities and Social Sciences University of Michigan Library Job Location: Date Created: 10/05/2026 The Data Curation Specialist for Humanities and Social Sciences advances the mission of the Library through working with faculty, students and staff to help manage, and preserve their research data and other content of scholarly value, with a specialized focus on Humanities and Social Sciences. You will be an important member of the Deep Blue Repository & Research Data Services (DBRRDS) team and contribute to all aspects of its work. You will help develop data management and sharing plans, consult with faculty, staff, and students on their scholarly communication needs in collaboration with librarian experts and subject specialists, provide training to librarians and researchers on managing and sharing their scholarship and research data, and help researchers their scholarship and research data with others through the library’s Deep Blue Documents and Deep Blue Data repositories. You will be the primary service contact for DBRRDS with Humanities and Social Sciences faculty, staff and students at U-M’s Ann Arbor, Dearborn and Flint campuses. Other service activities and functions may be negotiated depending upon your knowledge, expertise, and interests. Appointment is anticipated as an Associate Librarian or Senior Associate Librarian. Salary and rank are dependent on the candidate’s qualifications and experience. The target salary ranges for this position are $69,000 to $79,000 for the Associate Librarian rank, and $79,000 to $89,000 for the Senior Associate Librarian rank. Learn More » Related Documents There are no related documents for this job post.

Source: https://www.arl.org/job-posting/data-curation-specialist-for-humanities-and-social-sciences/",ARL
Mercator Geospatial Information and Maps Librarian,UCLA,CA,,,,,2026-10-05,https://www.arl.org/job-posting/mercator-geospatial-information-and-maps-librarian/,"Mercator Geospatial Information and Maps Librarian Mercator Geospatial Information and Maps Librarian UCLA Job Location: Apply By: 11/02/2026 Date Created: 10/05/2026 Mercator Geospatial Information and Maps Librarian Department: Research Services Rank and Salary: Assistant Librarian – Associate Librarian Rank $74,752 – $105,696) Position Availability: Immediately Application deadline for first consideration: November 02, 2026 The UCLA Library seeks a highly collaborative, user-focused professional for the position of Mercator Geospatial Information and Maps Librarian. Reporting to the Director of Research Services, the incumbent will provide support to UCLA faculty, researchers, students, and other stakeholders in utilizing geospatial data, tools, and methods. In addition, this position will be responsible for the Library’s map collections. Position Duties Reporting to the AUL for Teaching, Learning, and Research. The incumbent is responsible for the following Specific duties and responsibilities include: Support researchers in identifying and utilizing appropriate geospatial tools, platforms, methods, and resources Provide assistance to instructors and students for course integrated usage of geospatial tools Partner with Library and campus colleagues on managing geospatial platform access and usage Collaborate with colleagues in the Teaching, Learning, and Research Division around data services, digital scholarship, and open science to develop a sustainable suite of services for campus researchers and students. Work with colleagues from across the Library on managing map collections, enabling discovery and utilization, and facilitating map digitization Support skill development and training for colleagues related to geospatial information and maps Provide general patron support through consultations, workshops, research help, and instruction Collaborate with colleagues across the UC system to align UCLA geospatial support services and maps access and approaches Work closely with Library Development to identify and steward donors, collections, and endowed gift funds The successful candidate will be committed to promoting and enhancing diversity through engagement with and promotion of the UCLA True Bruin values and the UCLA Principles of Community; and will be able to collaborate across departments and divisions. For your convenience, the complete posting can be viewed here: https://recruit.apo.ucla.edu/JPF11374 UCLA is an Equal Opportunity/Affirmative Action Employer advancing inclusive excellence. All qualified applicants will receive consideration for employment without regard to race, color, religion, sex, sexual orientation, gender identity, national origin, disability, age, protected veteran status, or other protected categories covered by the UC nondiscrimination policy. We are committed to attracting and retaining a diverse workforce along with honoring unique experiences, perspectives, and identities. Together, our community strives to create and maintain working and learning environments that are inclusive, equitable and welcoming. Learn More » Related Documents There are no related documents for this job post.

Source: https://www.arl.org/job-posting/mercator-geospatial-information-and-maps-librarian/",ARL
"Adjunct Archivist, Irving Abella Fonds",York University Libraries,,Academic,Onsite,,,2026-10-05,https://www.arl.org/job-posting/adjunct-archivist-irving-abella-fonds/,"Adjunct Archivist, Irving Abella Fonds Adjunct Archivist, Irving Abella Fonds York University Libraries Job Location: Apply By: 11/02/2026 Date Created: 10/05/2026 The Clara Thomas Archives & Special Collections at York University Libraries invites highly qualified applicants for an Adjunct Archivist position, Irving Abella Fonds. This is a Contractually Limited Appointment (CLA) for a one-year term to commence January 1, 2027. This position is focused on the arrangement and description of the substantial archives of Dr. Irving Abella (1940-2022), professor emeritus of York University, historian, and important contributor to the development of Canadian Jewish Studies as a discipline of study. The Clara Thomas Archives & Special Collections is a small but dynamic department of York University Libraries and is located in the Scott Library on the Keele campus. Its archival holdings consist of more than eight kilometres of university records and private papers, including an extensive collection of non-textual materials. Special Collections has over 128,000 items of published Canadiana and other works. Additional information on holdings and services can be found at: http://www.library.yorku.ca/web/archives . Projects and Responsibilities: The Adjunct Archivist works within a collaborative team environment with work coordinated by the Head of the archives. The incumbent will be responsible for the appraisal, arrangement, description, and physical processing of the archival records of Irving Abella onsite at the Scott Library, Keele Campus. In addition, the incumbent, as a member of the archives team, will contribute to departmental operations, including: provision of archival reference services in an academic setting; instruction in archival literacy; knowledge mobilization in relation to the records of Irving Abella; including the creation of metadata of any relevant material digitized for deposit in the university’s digital heritage preservation repository, York University Digital Library (YUDL); service including participation in the work of the Libraries’ committees as appropriate; and pursuit of scholarship, professional development, and service. While the bulk of the work will be the arrangement and description of the papers of Irving Abella, other small processing projects may be assigned in alignment with any demonstrated areas of linguistic or disciplinary strength and expertise. Learn More » Related Documents There are no related documents for this job post.

Source: https://www.arl.org/job-posting/adjunct-archivist-irving-abella-fonds/",ARL
Data Services Librarian,Ohio University,OH,Academic,,,,2026-10-05,https://www.arl.org/job-posting/data-services-librarian-3/,"Data Services Librarian Data Services Librarian Ohio University Job Location: Apply By: 10/22/2026 Date Created: 10/05/2026 The Ohio University Libraries invites applications and nominations for the position of Data Services Librarian in the Research Services department. Reporting to the Head of Research Services, the Data Services Librarian supports Ohio University students and faculty in discovering, using, and managing data for their research. The Data Services Librarian provides leadership and expertise in research data management (RDM), data literacy concepts, and open research practices in support of Ohio University’s research mission. The Data Services Librarian builds and maintains relationships with academic departments and research centers to coordinate and scale research data services across campus. This position will provide instruction, workshops, outreach, and individualized research support for faculty, researchers, and graduate students, as well as data literacy and other fundamental support for undergraduates. The position works proactively with researchers on data-intensive projects, providing guidance on institutional and funder compliance, data quality, documentation, sharing, and long-term stewardship. The Data Services Librarian contributes to scholarly communication initiatives such as open data and reproducible research, including considerations of data quality, ethics, transparency, and governance, as well as tools related to data management. Additionally, the Data Services Librarian will provide subject-specific, non-data-related instruction, reference, and consultation services to faculty and students in assigned subject areas. The librarian will help build sustainable collections that support the University’s research and instructional needs in a team environment. The successful candidate for this position must have the ability to work independently as a motivated self-starter as well as collaboratively in a team-based environment, including effective communication skills and the ability to set goals and determine the best course of action with broad guidance from their supervisor and shared team expectations. Specifically, the Data Services Librarian will: Partner with student and faculty researchers to develop compliant data management and data sharing plans aligned with funder requirements, institutional policies, and research data best practices. Provide instruction, workshops, outreach, and individualized research support for faculty, researchers, and graduate students, as well as data literacy and other fundamental support for undergraduates. Collaborate with campus partners to deliver consulting services related to data management, data use and reuse, reproducible research practices, and computational tools and methods. Monitor emerging trends in research data services and evaluates new tools, technologies, and methodologies to enhance library services. Participate in subject support for academic programs through instruction, consultation, and collection development. Serve on Libraries or University committees, task forces, and/or other groups in support of advancing the Libraries’ strategic goals. Commit to continuous improvement and professional development, including by engaging in regular professional development through research, publications, presentations, and participation in regional, national, and/or international professional bodies as part of a continuing commitment to bringing best practices and innovative services to the Libraries. Librarians are considered administrative staff at Ohio University. Provides outreach and collaboration with the University community. Ohio University is a designated Carnegie Research 1 (R1) institution, ranking among the nation’s elite research institutions. The Research Services department was established within University Libraries to support and empower our researchers by collaborating throughout the scholarly life cycle in areas including data ma

Source: https://www.arl.org/job-posting/data-services-librarian-3/",ARL
"Head of Health Sciences Collections, University Libraries",University at Buffalo,NY,Academic,,,,2026-10-05,https://www.arl.org/job-posting/head-of-health-sciences-collections-university-libraries/,"Head of Health Sciences Collections, University Libraries Head of Health Sciences Collections, University Libraries University at Buffalo Job Location: Apply By: 10/19/2026 Date Created: 10/05/2026 Head of Health Sciences Collections, University Libraries Position Information Position Title: Head of Health Sciences Collections, University Libraries Department: Research, Collections & Outreach Posting Link: https://www.ubjobs.buffalo.edu/postings/64417 Job Type: Full-Time Posting Detail Information Position Summary The University at Buffalo (UB) Libraries seek a creative, collaborative, and self-motivated individual to serve as the Head of Health Sciences Collections . The successful candidate will manage the selection, collection development, and review of information resources in all formats with a particular focus on electronic resources, in the subjects of the five Health Sciences Schools. The candidate will also play a key role in developing and refining the library’s health sciences resources to support faculty, staff, and student needs. This position requires independent judgment and data-driven decision making in managing and assessing the Health Sciences Collection. The individual will be an important part of the Health Sciences Library Services (HSLS) team and will also work closely with the Discovery Services Unit. Primary duties will include: Collaborates with fellow HSLS team members to assess the Health Sciences Collection for collection development, deselection, and accreditation needs. Monitors overall growth and development of the HSLS collection. Systematically selects material in all formats (, digital, data sets, fixed and streaming multimedia, etc.) to advance research, teaching, and learning in the five Health Sciences Schools. Carries out strategy, planning, problem-solving, and coordination of collections policies. Consults and collaborates proactively with the Discovery Services department and others across the Libraries. Manages funds allocated to the Health Sciences Collections area, including tracking purchasing. Coordinates vendor and publisher relationships and communications for all health sciences resources, including trials, renewals, platform changes, and negotiations. Serves as HSLS’s representative on Collections Committees and collaborates on university-wide collection development guidelines and procedures. Demonstrates commitment to continued professional growth and active participation in professional activities and service. The Head of Health Sciences Collections will report to the Head of Health Sciences Library Services and will work with librarians and staff across the University Libraries. The University Libraries is a welcoming multicultural environment that serves an increasingly diverse constituency of patrons. Our employees, services, collections, and policies honor and reflect this diversity, and we invite individuals whose perspectives and experiences will enrich and strengthen our organization to apply. Learn more: Our benefits , where we prioritize your well-being and success to enhance every aspect of your life. Being a part of the University at Buffalo community. University at Buffalo is an affirmative action/equal opportunity employer and, in keeping with our commitment, welcomes all to apply including veterans and individuals with disabilities. Minimum Qualifications Master’s degree in library and information science from an ALA-accredited institution and one year of relevant experience. A combination of education and experience may be considered in lieu of the education requirement. Ability to use independent judgment and data-driven decision making in managing and assessing the Health Sciences Collection. Familiarity with scholarly medical and clinical resources, including databases, e‑journals and e‑books. Ability to work independently, balance tasks efficiently, and manage priorities without day-to-day supervision in a rapidly changing environment. Excellent communicat

Source: https://www.arl.org/job-posting/head-of-health-sciences-collections-university-libraries/",ARL
"Head, Data Services",Emory University,GA,Academic,,,,2026-10-02,https://www.arl.org/job-posting/head-data-services-2/,"Head, Data Services Head, Data Services Emory University Job Location: Date Created: 10/02/2026 Head, Data Services Description Position Summary Reporting to the Director of Collections and Open Strategies within the Research, Engagement, and Scholarly Communications (RESC) division, the Head of Data Services provides strategic leadership and programmatic coordination for the Libraries’ data-related services. This new position oversees a team of highly experienced data specialists (Data Librarian, Geospatial Data Librarian and Research Data Program Manager) while partnering with colleagues across Emory Libraries and the Emory Center for Digital Scholarship to facilitate alignment, communication, and shared priorities within a collaborative service model for data services. The position may also oversee graduate students to support data services. The Head works closely with the Director and existing data working groups and committees to ensure the library remains agile and responsive to evolving data needs across disciplines and schools. It collaborates extensively with campus partners, including the Office of Information Technology, relevant academicdepartments, and research offices. Essential Responsibilities & Duties Data Services Program Development and Operations Engage and facilitate communication between faculty, students, librarians and campus partners to understand research data workflows, service requirements, and awareness of data services. Promote data services and programming related to the full research data cycle across the library and campus. Identify emerging trends and assess user needs to develop new or enhanced services and resources related to data services. Partner with, build, and expand campus partnerships (e.g., IT, research offices, academic departments, university-wide committees) to support interdisciplinary data initiatives. Evaluate emerging technologies, including generative AI applications and advanced computational tools that may impact the Libraries’ data services. Administration and Managerial Responsibilities Supervise and support team members (currently, a Data Librarian, Geospatial Data Librarian, and Research Data Program Manager). Working with the Director of Collections and Open Strategies and data services team, advocate and coordinate recruitment, hiring, onboarding, training, and professional development activities for additional staff and graduate employees contributing to data services, assessment, and service delivery. Foster a shared, distributed model of data services that values existing expertise, partnering as needed with groups librarians and informationists across the Emory Libraries. Advocate as necessary for further staffing, space, and service delivery models based on informed needs assessment and current staff and working group input. Participate in current and future space management and planning discussions for data services. Professional Responsibilities Participate in professional and scholarly associations; maintain membership and accreditation; participate in meetings, conferences, and workshops; serve in appointed or elected positions. Maintain up-to-date professional knowledge and skills related to job responsibilities and current trends in higher education, academic libraries, and information technology. Adhere to guidelines in the Emory Handbook Governing the Librarian series for Faculty-Equivalent Librarians regarding appointment, renewal, and promotion. Participate in library and campus committees. Qualifications Required Qualifications A master’s degree in library and information science and/or an advanced degree in a relevant discipline. At least five years of experience working with data Demonstrated experience with relationship-building skills across different teams and/or groups. Demonstrated project leadership experience. Preferred Qualifications Direct experience with data services or related areas within an academic or research setting. At least one ye

Source: https://www.arl.org/job-posting/head-data-services-2/",ARL
"NC State University Libraries Fellows, 2027-2030",NC State University,NC,Academic,Hybrid,,,2026-10-02,https://www.arl.org/job-posting/nc-state-university-libraries-fellows-2027-2030/,"NC State University Libraries Fellows, 2027-2030 NC State University Libraries Fellows, 2027-2030 NC State University Job Location: Date Created: 10/02/2026 The NC State University Libraries Fellows Program offers a unique opportunity for recent M.L.S. and M.I.S. graduates. Fellows will be appointed at the rank of faculty librarian for a three-year term from July 2027 through June 2030. An alternative option for a September 2027 placement may be available, depending upon graduation date. For candidates to be eligible, the terminal degree must be awarded between December 2025 and September 2027 . To learn more about the Fellows Program, please visit our website at http://www.lib.ncsu.edu/fellows . This program is based in North Carolina. The Libraries supports flexible and hybrid work arrangements based on departmental and operational needs. NC State University promotes an integrated approach to problem solving that transforms lives and provides leadership for social, economic, and technological development across North Carolina and around the world. NC State’s land grant mission of teaching, research and service is dedicated to the service of North Carolina and its people. Applicants are encouraged to review the institution’s mission, vision, and strategic plan, and consider how their background, interests, and experience would enable them to support the university. Required: ALA-accredited M.L.S. or M.I.S. degree awarded between December 2025 and September 2027 demonstrated interest in supporting the student experience and contributing to experiential learning and research services potential to develop expertise in an area of institutional focus, such as emerging technologies or science/engineering librarianship evidence of leadership potential, including ability to work creatively and effectively in a highly collaborative team environment commitment to fostering an environment of belonging and well-being ability to serve and collaborate with a large user community reflecting a variety of backgrounds and disciplines ability to communicate clearly and knowledgeably demonstrated understanding of the educational mission of a research university Preferred: experience in a research-oriented environment (such as an internship or practicum) The salary for this position is $70,000 annually . In addition, Fellows receive a generous professional development stipend of $4,000 per year . Review of applications is underway; applications will be accepted until finalist candidates are selected. Candidates are encouraged to apply as soon as possible to receive full consideration. See vacancy announcement with application instructions at: https://www.lib.ncsu.edu/jobs/ehra/nc-state-university-libraries-fellows-2027-2030 NC State University is an equal opportunity and affirmative action employer. All qualified applicants will receive consideration for employment without regard to age, color, disability, gender identity, genetic information, national origin, race, religion, sex, sexual orientation, or status as a protected veteran. Persons with disabilities requiring accommodations in the application and interview process please call (919) 515-7188. Learn More » Related Documents There are no related documents for this job post.

Source: https://www.arl.org/job-posting/nc-state-university-libraries-fellows-2027-2030/",ARL
Head of Public Service,Atlanta University Center Robert W Woodruff Library,GA,Academic,,,,2026-10-02,https://www.arl.org/job-posting/head-of-public-service/,"Head of Public Service Head of Public Service Atlanta University Center Robert W Woodruff Library Job Location: Apply By: 10/31/2026 Date Created: 10/02/2026 The Atlanta University Center (AUC) Robert W. Woodruff Library is seeking an organized and proactive Head of Public Services. The Head of Public Services will oversee the public service operations, user experience strategy, customer service model development and the implementation of innovative technology resources and planning. About Us The AUC Woodruff Library supports the teaching and learning missions of three institutions of higher learning that comprise the world’s largest consortium of Historically Black Colleges & Universities (HBCUs) – Clark Atlanta University, Morehouse College, and Spelman College. Our staff is diverse and represents many nations, background, and perspectives, yet we all work together to meet the needs of our students, faculty, and other stakeholders. We are an organization of transformation and growth, which means significant opportunities exist for talented and energetic individuals. What We Offer Our Employees Competitive pay and benefits package Generous paid time off for both full-time & part-time employees 403(B) Retirement Plan with company catch for employees contributing between 3 – 7%. Thirteen (13) paid Holidays per year Supportive work environment Opportunities for advancement & career development Employee Assistance Program (EAP) Employee discount program What We Require for the Head of Public Service Role: Master Degree in Library and Information Science (MLIS) from an ALA-accredited institution or a related advanced degree in relevant field. Minimum three to five years of progressively responsible experience in academic library, learning commons or similar environment. Demonstrated experience leading public services operations and/or user-centered service initiatives. Experience supervising professional staff and managing teams. Experience developing customer service models or user experience strategies. Experience managing or supporting technology-rich learning environments, makerspaces, or digital labs. Preferred Experience & Credentials: Experience establishing or leading a User Experience (UES) program or team. Experience managing makerspace technologies (e.g., 3D printing, media production tools). Experience developing programming that integrates technology into teaching and learning. Experience working in a consortium, multi-institutional, or HBCU environment. Familiarity with assessment frameworks and service design methodologies Key Job Responsibilities: In collaboration with the Assistant Director of Public Services and Academic Engagement, provides supervision, strategic direction, and leadership for the User Experience Team and public services points Provide direct supervision to oversee the management, operation, and strategic development of the Technology Design Studio and associated audio-visual labs and creative spaces. Implement staffing models, workflows, and service standards that align with user needs and institutional priorities. Collaborate with the Assistant Director to align public services with broader academic engagement strategies such as research and reference services and student success services Implement customer service frameworks that promote consistency, accessibility, and inclusivity at all public services points in the Library. Manage and maintain public technology resources, including Windows and Apple computers, productivity and creative software, multimedia workstations, recording studios, audiovisual equipment, and 3D printers, to support teaching, learning, research, and creative production. The Atlanta University Center (AUC) Robert W. Woodruff Library is a place where forward-thinking and innovative employees work and collaborate. If you wish to become part of our talented group, please apply today! The Robert W. Woodruff Library is an Equal Opportunity Employer. APPLICATION PROCEDURE: In

Source: https://www.arl.org/job-posting/head-of-public-service/",ARL
Social Science Librarian,The Atlanta University Center Robert W Woodruff Library,GA,Academic,,,,2026-10-02,https://www.arl.org/job-posting/social-science-librarian/,"Social Science Librarian Social Science Librarian The Atlanta University Center Robert W Woodruff Library Job Location: Apply By: 10/31/2026 Date Created: 10/02/2026 The Atlanta University Center (AUC) Robert W. Woodruff Library is a collaborative, service-oriented Social Science Librarian. The Social Sciences Librarian serves as the primary subject liaison for Education, Criminal Justice, Social Work, Government Documents, Human Services, and Kinesiology, Sports Studies & Physical Education. The position provides research support, information literacy instruction, collection development, and faculty outreach to advance teaching, learning, and scholarly research. About Us The AUC Woodruff Library supports the teaching and learning missions of three institutions of higher learning that comprise the world’s largest consortium of Historically Black Colleges & Universities (HBCUs) – Clark Atlanta University, Morehouse College, and Spelman College. Our staff is diverse and represents many nations, background, and perspectives, yet we all work together to meet the needs of our students, faculty, and other stakeholders. We are an organization of transformation and growth, which means significant opportunities exist for talented and energetic individuals. What We Offer Our Employees Competitive pay and benefits package Generous paid time off for both full-time & part-time employees 403(B) Retirement Plan with company catch for employees contributing between 3 – 7%. Thirteen (13) paid Holidays per year Supportive work environment Opportunities for advancement & career development Employee Assistance Program (EAP) Employee discount program What We Require for the Social Science Librarian Role: Master’s degree in library and information science from an ALA-accredited program Academic background or demonstrated subject knowledge in one or more assigned subject areas, including the social sciences, business, education, criminal justice, social work, public administration, human services, kinesiology, or related disciplines. Familiarity with research methodologies, scholarly communication, and teaching practices in the social sciences and related disciplines. Experience providing reference, research assistance, instruction, and/or liaison services in an academic or research library setting Strong communication, collaboration, and relationship-building skills, with a demonstrated commitment to equity, access, cultural competency, and student success. Preferred Experience & Credentials: Second graduate degree or significant graduate coursework in a relevant subject area such as Business, Economics, Education, Criminal Justice, Social Work, Public Administration, Human Services, Kinesiology, or a related discipline. Experience with collection development and assessment in the social sciences, business, education, or related subject areas. Experience supporting data literacy, government information, statistics, or other specialized research resources. Familiarity with digital scholarship, data resources, emerging research technologies, and/or other tools that support social science research and teaching. Experience working in a Historically Black College or University (HBCU), minority-serving institution, or culturally specific academic setting. Key Job Responsibilities: Collaborate with faculty to integrate library resources, research strategies, and information literacy into courses, assignments, capstone experiences, and other academic projects. Develop and maintain subject-specific Research Guides, bibliographies, instructional materials, and other online research resources tailored to the needs of AUC students and faculty. Develop and manage library collections in assigned subject areas by evaluating and electronic resources and recommending materials that support the curriculum, current scholarship, and the research needs of the AUC community. Participate in library outreach, workshops, public programming, assessment initiatives, professi

Source: https://www.arl.org/job-posting/social-science-librarian/",ARL
"Senior Specialist, Copyright and Information Policy",HathiTrust,MI,Academic,,,,2026-10-02,https://www.arl.org/job-posting/senior-specialist-copyright-and-information-policy/,"Senior Specialist, Copyright and Information Policy Senior Specialist, Copyright and Information Policy HathiTrust Job Location: Apply By: 10/16/2026 Date Created: 10/02/2026 How to Apply Please submit a cover letter and resume or CV as one file (because of system limitations). In your cover letter, please let us know how this role aligns with your skills by highlighting one or more examples in which you have contributed to the development, interpretation, or application of policy in areas such as copyright, privacy, accessibility, technology, or another area relevant to memory organizations. For questions about this role or accommodation requests, contact [ protected] . Job Summary HathiTrust is an international partnership of academic and research institutions offering a collection of 19+ million titles, in 400+ languages, digitized from libraries around the world. We are administratively based at the University of Michigan Library and our staff are employees of the University. We are looking for a Senior Specialist, Copyright and Information Policy, who has experience with copyright law, accessibility matters, and policy analysis and development in a higher education or GLAM (Galleries, Libraries, Archives and Museums) setting, and an interest in contributing to our mission of preserving and making accessible the record of human knowledge. Reporting to the Executive Director, this new role at HathiTrust will support our mission, services , and business processes by developing clearly articulated policies and principles based on law (e.g., copyright, privacy, contracts, terms of service, ADA/Title II), emergent community norms, and best practices, and our values . What You’ll Do Policy Development and Governance Analyze and advise on the application of relevant public policy and legal matters and recommend courses of action. Develop and/or document clearly articulated policies and principles for HathiTrust services based on law (e.g., fair use and other library exceptions to copyright, ADA, privacy, contracts, terms of service) and our values. Create and apply frameworks and timeframes for policy review and development. Support the development of policy documentation for projects, initiatives, and services by consulting with stakeholders and other experts. Legal and Strategic Advising Analyze relevant contracts and/or draft, or contribute to the drafting, of contracts among HathiTrust and other entities, including its members. Advise on the legal, policy, and ethical issues when making the collection available for analysis and processing (e.g., language model training, natural language processing, AI, etc.). Work closely with University of Michigan legal counsel on the legal underpinnings for HathiTrust’s strategic activities. Strategic and Program Leadership Provide strategic guidance and communicate complex findings to leadership and other technical and non-technical stakeholders. Oversee the copyright review program. Supervise one part-time staff member. Understand different perspectives and promote the use of best practices to foster collaboration and effective working relationships. Required Qualifications* A J.D. degree or an equivalent combination of education, certification, and experience. Familiarity with current public policy and case law relevant to both GLAM (Galleries, Libraries, Archives and Museums) and emerging technologies. 5+ years of cumulative experience, including the following: Copyright, fair use, and policy analysis and development in a higher education or library setting Risk analysis from a legal perspective Managing and contributing to complex projects relevant to policy and copyright concerns Experience managing teams, whether as direct or indirect reports, and in influencing others for positive organizational change. Why Work at Michigan? The University of Michigan offers a comprehensive benefits package including: Health, dental, and vision insurance. Generous time off (24 vacation days per yea

Source: https://www.arl.org/job-posting/senior-specialist-copyright-and-information-policy/",ARL
Reference Librarian – African and Middle Eastern Division (Vacancy#:VAR003440),Library of Congress,DC,Other,,,,2026-10-02,https://www.arl.org/job-posting/reference-librarian-african-and-middle-eastern-division-vacancyvar003440/,"Reference Librarian – African and Middle Eastern Division (Vacancy#:VAR003440) Reference Librarian – African and Middle Eastern Division (Vacancy#:VAR003440) Library of Congress Job Location: Apply By: 10/30/2026 Date Created: 10/02/2026 Opening Date : October 01, 2026 Closing Date : October 30, 2026 OPM Control Number : 887227000 Vacancy Number : VAR003440 LC Organization Unit : Researcher and Collection Services Grade : GS-12 Series : 1410 Minimum Salary : $102,415.00 per year Maximum Salary : $133,142.00 per year Work Schedule : Full-time-Flexitime Promotion Potential : GS-12 Duty Location : Washington, DC Security Clearance : Other Availability : U.S. Citizens Only The position is for a Reference Librarian who serves in the African and Middle Eastern Division within the General and International Collections Directorate (GICD), Researcher and Collections Services (RCS) within the Library Collections and Services Group (LCSG)at the Library of Congress (Library). As the Reference Librarian, you will: Serve as a subject-matter specialist as assigned and called on to evaluate and select materials for the library’s collection in those assigned subject areas. Review all relevant sources of items for possible acquisition to develop collections in areas of subject and/or geographic responsibility. Support collections development, and digital, aligning them with the needs of current researchers, and with collection policies intended to sustain the growth of a universal collection. Help balance new acquisitions with responsible stewardship of existing collections while building a more diverse and inclusive record for future generations. Acquire material of underrepresented perspectives and voices in the Library’s collections to ensure diverse authorship, points of view, cultural identities, and other historical or cultural factors. We encourage you to stay connected by signing up to receive job and internship alerts and by following us on . Learn More » Related Documents There are no related documents for this job post.

Source: https://www.arl.org/job-posting/reference-librarian-african-and-middle-eastern-division-vacancyvar003440/",ARL
Developer and Emerging Technologies Specialist,University of Virginia,VA,Academic,,,,2026-10-01,https://www.arl.org/job-posting/developer-and-emerging-technologies-specialist/,"Developer and Emerging Technologies Specialist Developer and Emerging Technologies Specialist University of Virginia Job Location: Apply By: open until filled Date Created: 10/01/2026 Department Overview The University of Virginia Library seeks a Developer and Emerging Technologies Specialist to join the Digital Humanities Center (DHC) as part of the Institute for Advanced Technology in the Humanities (IATH). IATH is an internationally recognized humanities research unit dedicated to advancing digital scholarship at the intersection of technology and humanistic inquiry. The DHC serves as a collaborative hub within the Library for digital humanities research, teaching, and experimentation. Position Summary The Developer and Emerging Technologies Specialist designs, develops, and sustains software tools and systems that support digital humanities scholarship. The successful candidate will bring demonstrated expertise in artificial intelligence (AI), large language models, and emerging technologies, along with a commitment to exploring and evaluating new tools and methods. This role collaborates closely with faculty, students, and library colleagues across disciplines. Based in the DHC and embedded within IATH, this position also serves as a bridge to the Library’s AI Literacy and Action Lab , supporting experimentation with emerging technologies and innovative uses of AI in scholarship. The specialist will contribute to a dynamic digital research environment and collaborate with partners across UVA and beyond. Responsibilities Perform software development and engineering work at IATH. Collaborate on the design and implementation of faculty-driven digital humanities research projects using emerging and established technologies and best practices, with an emphasis on AI and machine learning. Work with researchers to understand their data and requirements for data analysis. Maintain sustained engagement with faculty and students, communicating information and questions clearly. Demonstrate and document work for technical and nontechnical audiences. Assess and recommend technical solutions as part of multidisciplinary teams and independently implement those solutions. Minimum Qualifications Bachelor’s degree or equivalent experience. Proficiency in PHP, SQL, JavaScript (ES6+), HTML, CSS, XML, and TEI. Experience with Drupal, Mukurtu, and Omeka. Experience with SQL databases, including MySQL and PostgreSQL, and data formats including JSON and CSV. Experience using Git and Subversion for version control. Demonstrated expertise in AI systems and machine learning algorithms, with familiarity with critical evaluation, current and emerging best practices, and ethical AI use, ideally in academic settings. Ability to apply these practices within academic communities and standards of practice. Ability to communicate effectively with technical and nontechnical audiences. Preferred Qualifications Master’s degree or equivalent experience. Experience and curiosity in digital humanities; awareness of resources for staying current on practices and tools; and ability to work across disciplines and interdisciplinary collaborations. Strong communication skills, including teaching and training diverse audiences and explaining technical information to nontechnical audiences. Experience providing consultation to faculty, students, staff, and members of the public. Strong time management skills and the ability to manage tasks independently. Experience with Ollama or similar local large language model tools, cloud-based AI tools, and coding agents such as Claude Code; awareness of hallucinations, bias amplification, and responsible AI practices. Experience with Ruby, Python, and Java. Experience with IIIF, Node.js, React, static site generators such as Jekyll and Eleventy, and Ruby on Rails. Familiarity with metadata standards and schemas, including Dublin Core and VRA Core. Experience with Docker and Jupyter. Interest in exploring and adapting emerging d

Source: https://www.arl.org/job-posting/developer-and-emerging-technologies-specialist/",ARL
"Monographic Cataloging Librarian, 12 Months Salaried",Florida State University,FL,Academic,,,,2026-10-01,https://www.arl.org/job-posting/monographic-cataloging-librarian-12-months-salaried/,"Monographic Cataloging Librarian, 12 Months Salaried Monographic Cataloging Librarian, 12 Months Salaried Florida State University Job Location: Apply By: 10/26/2026 Date Created: 10/01/2026 FSU Libraries seeks an innovative and resourceful librarian to lead and help shape its monographic cataloging program. This is an exciting opportunity for an early- to mid-career librarian who is eager to build their expertise while solving complex problems, improving workflows, and exploring how emerging technologies can support the future of resource description and discovery. This position will lead cataloging operations for monographic resources in all languages, including materials in non-Roman scripts, and will work with colleagues to re-envision monographic and foreign language cataloging procedures at FSU. A particularly exciting area of exploration will be the use of AI-assisted approaches to support the translation and transliteration of materials in non-Roman alphabets, particularly Chinese, Japanese, and Korean, while maintaining the accuracy and quality essential to library metadata. This faculty librarian will supervise two full-time catalogers and will combine hands-on cataloging expertise with workflow development, staff training, quality control, and collaborative problem solving. The position offers opportunities to build specialized expertise, contribute to professional service and research, and grow as part of a team of enthusiastic learners. Responsibilities Leads monographic cataloging operations, including the creation, editing, analysis, and quality control of metadata for monographic and foreign language resources. Develops, implements, and improves cataloging and metadata workflows and coordinates the identification and remediation of metadata quality issues. Applies established cataloging and authority control standards and works with local and statewide colleagues on cataloging practices and system-wide changes. Supervises two full-time cataloging staff and provides training, guidance, and documentation related to monographic and foreign language cataloging. Contributes to the work of FSU Libraries and the profession through collaborative projects, committees, research, professional organizations, conferences, and continuing education. Qualifications MLS/MLIS degree from a program accredited by the American Library Association (or international equivalent), or a master’s degree in a specialized area directly relevant to the position. At least one year of cataloging experience using MARC 21 and experience applying established cataloging standards and guidelines such as RDA, NACO, LCC, and PCC. Strong analytical and problem-solving skills, with the ability to take initiative, learn new technologies and technical skills quickly, and adapt to changing priorities. Ability to plan and coordinate projects and workflows, provide clear guidance and documentation, and work both independently and collaboratively. Strong communication and interpersonal skills and the ability to work effectively with colleagues in a collaborative environment. Preferred Qualifications The following qualifications are welcomed but are not required. Candidates are encouraged to apply even if they do not have experience in every area listed below. Experience with or interest in cataloging resources in non-Roman alphabets, particularly Chinese, Japanese, and/or Korean, or a background in linguistics or language studies. Familiarity with library systems and tools used for cataloging and authority control, such as Ex Libris Alma, OCLC Connexion, NACO, ORCID, or ISNI. Experience in supervision, project management, and/or providing instruction and training in an academic or research library environment. Anticipated Salary Range $60,000 – $75,00, commensurate with education and experience. Learn More » Related Documents There are no related documents for this job post.

Source: https://www.arl.org/job-posting/monographic-cataloging-librarian-12-months-salaried/",ARL
Education and Social Sciences Librarian – 12 Months Salaried,Florida State University,FL,Academic,,,,2026-10-01,https://www.arl.org/job-posting/education-and-social-sciences-librarian-12-months-salaried-2/,"Education and Social Sciences Librarian – 12 Months Salaried Education and Social Sciences Librarian – 12 Months Salaried Florida State University Job Location: Apply By: 10/21/2026 Date Created: 10/01/2026 FSU Libraries is seeking an early-career librarian who is excited to grow as an educator, research partner, and member of a collaborative academic library. As the library liaison to the Anne Spencer Daves College of Education, Health, and Human Sciences and other social science departments, you will work directly with students and faculty to support teaching, learning, and research. You will provide library instruction, help students develop research and information literacy skills, connect faculty and students with resources and services, and help build collections that support their academic and research needs. You will also have opportunities to explore how emerging technologies, including AI, are changing teaching, research, and librarianship. We are looking for someone who is curious about these developments and excited to learn, experiment, and contribute as FSU Libraries continues to expand its work in this area. This position is designed to provide opportunities to learn and grow. You do not need to arrive knowing every aspect of academic librarianship. We are looking for someone with a strong foundation, an eagerness and ability to learn, an interest in teaching and research support, and enthusiasm for developing their skills alongside experienced colleagues. Responsibilities Serve as a library liaison to the Anne Spencer Daves College of Education, Health, and Human Sciences and assigned social science departments, building relationships with faculty, students, and staff. Design and deliver engaging library instruction, workshops, research guides, and other learning opportunities in both online and in-person environments. Help students and faculty navigate the research process through consultations and referrals to relevant library resources, services, and expertise. Support the development and assessment of library collections and resources for assigned subject areas. Collaborate with colleagues across FSU Libraries and engage with emerging approaches and technologies, including AI, that support teaching, learning, and research. Qualifications Master’s degree from an ALA-accredited library and information science program (or international equivalent) or expected completion of the degree prior to beginning employment. Teaching or instructional experience and an interest in supporting student learning. Strong communication and interpersonal skills and an interest in building collaborative relationships with students, faculty, and colleagues. Interest in education, health, human or social sciences and enthusiasm for developing subject expertise in these areas. Demonstrated interest in emerging technologies, including AI, and their applications to teaching, learning, research, or libraries. Preferred Qualifications Familiarity with education, health and human sciences, and/or social science research resources, including databases and systematic or evidence synthesis review methods. Exposure to or interest in collection development in an academic or research library setting. Familiarity with instructional technologies and tools used to support teaching and learning in online and in-person environments. Anticipated Salary Range Starting salary is $60,000. Learn More » Related Documents There are no related documents for this job post.

Source: https://www.arl.org/job-posting/education-and-social-sciences-librarian-12-months-salaried-2/",ARL
Associate Dean for Health Research Services & Partnerships,University of Oklahoma,OK,Academic,,,,2026-09-30,https://www.arl.org/job-posting/associate-dean-for-health-research-services-partnerships/,"Associate Dean for Health Research Services & Partnerships Associate Dean for Health Research Services & Partnerships University of Oklahoma Job Location: Date Created: 09/30/2026 Associate Dean for Health Research Services & Partnerships Librarian/Faculty Renewable Term Position Overview Reporting to the Dean of University Libraries, the Associate Dean for Health Research Services, and Partnerships provides critical leadership, strategy, innovation, and collaborative partnerships supporting library and information services to the educational, research, and professional communities of the OU Health enterprise. Through oversight of Bird Library, OUHC partnerships, and participation in University Libraries strategy and planning, the AD plays a crucial role in providing comprehensive library services to support the diverse information needs of students, faculty, and researchers across six health professions-focused colleges, the graduate programs in biomedical sciences and public health, and evidence-based clinical practice. The Associate Dean brings substantial expert knowledge, a collaborative approach to institutional and extended partnerships, and dedication to the continued growth and impact of the health library and its programming. Position Responsibilities OUHC Library Leadership and Management Responsible for senior leadership and administrative coordination of Bird library services, programs, and personnel serving the OU Health enterprise in coordination with University Libraries strategy, planning, policies, protocols, and procedures. Leads strategic alignment of library services and capacities with OUHC information and expertise needs through organizational priority-setting, program development, services innovation, and campus partnerships promoting beneficial library impact of academic, research, and patient care. Serves a OUHC lead representative and collaborator advancing the visibility, engagement, and effectiveness of Bird library and extended OU libraries to campus stakeholder communities and programs. Articulates a compelling vision for the value of the health library in supporting knowledge creation, transformative teaching and learning, and broader community engagement. Provides effective oversight and development of Bird library management to promote efficient and impactful operations, services delivery, and facilities. Promotes the effective supervision and development of library personnel, including faculty, professionals and staff to ensure an engaged and effective library service presence, delivering meaningful services outcomes and experiences. Develops strategic and operational partnerships with relevant library organizations, academic colleges/departments, research entities, and state, regional and national organizations to expand the reach and impact of services, expertise, and partnerships. Develops both short- and long-range visions for the Bird Library that support teaching, learning, scholarly communication, patient care, and research. Effectively communicates complex issues and perspectives to a wide range of constituencies, including administration, students, faculty, researchers and the public. Facilitates division participation in coordinated Libraries’ wide events and programming, as well as inter-organizational and inter-institutional projects and development opportunities. Participates in the study, justification, and planning for facilities enhancements University Libraries Leadership Serves as a member of the University Libraries System’s senior leadership team by actively contributing to organizational strategy, planning, operations, resource development, program assessment, and institutional impacts. Demonstrates understanding and contributes to UL knowledge and response to the changing nature of today’s health education, research, and clinical information needs. Anchors Bird Library and the mission and goals of the OU Health campus into OU-wide libraries strategy, planning, resource m

Source: https://www.arl.org/job-posting/associate-dean-for-health-research-services-partnerships/",ARL
Overseas Librarian (Vacancy#:VAR003429),Library of Congress,DC,Academic,Onsite,,,2026-09-30,https://www.arl.org/job-posting/overseas-librarian-vacancyvar003429/,"Overseas Librarian (Vacancy#:VAR003429) Overseas Librarian (Vacancy#:VAR003429) Library of Congress Job Location: Apply By: 10/28/2026 Date Created: 09/30/2026 Opening Date : September 29, 2026 Closing Date : October 28, 2026 OPM Control Number : 886691500 Vacancy Number : VAR003429 LC Organization Unit : Library Collections and Services Group Grade : GS-12 Series : 1410 Minimum Salary : $102,415.00 per year Maximum Salary : $133,142.00 per year Work Schedule : Full Time – Flexitime Promotion Potential : GS-12 Duty Location : Washington, DC Security Clearance : Other Availability : Open to All This position is located in the National Library Service for the Blind and Disabled (NLS), Patron and Network Engagement Division, Information Services Section (INF). The incumbent provides library services and engagement directly to NLS constituents as the regional librarian for U.S. citizens eligible for NLS service, who live abroad. Duties performed by the incumbent require knowledge of the wide range of activities involved in provision of library service and specialized formats. The incumbent provides library service and engagement directly to NLS constituents and serves in the specialized areas of blindness, low vision, reading and disabilities. Services are rendered in person, or by correspondence, telephone, or electronic media. Requests originate from the blind and disabled consumers and NLS network libraries serving them; Congress; U.S. and foreign government agencies; national and international academic, research, and scientific institutions; the professional and business communities; and from the general public. The incumbent exercises initiative, tact, and flexibility in meeting the informational requirements of constituents ranging from students to experts in their fields. The incumbent keeps abreast of the rapidly growing and complex body of library and information science and maintains an in-depth knowledge of the operation and resources of the section and of NLS as a whole, including applications of technology to library, information, and office services. The incumbent serves under the general administrative direction of the head of the section. Incumbent exercises considerable independence, initiative, and judgement in planning, organizing and performing work in accordance with established priorities and Information Services Section, PNE, and NLS guidelines and procedures. There is a minimal degree of review of completed work by the head of the section. We encourage you to stay connected by signing up to receive job and internship alerts and by following us on . Learn More » Related Documents There are no related documents for this job post.

Source: https://www.arl.org/job-posting/overseas-librarian-vacancyvar003429/",ARL
Director of Teaching and Learning Services,UCLA Library,CA,Other,,,,2026-09-29,https://www.arl.org/job-posting/director-of-teaching-and-learning-services/,"Director of Teaching and Learning Services Director of Teaching and Learning Services UCLA Library Job Location: Apply By: 10/27/2026 Date Created: 09/29/2026 Department: Teaching and Learning Services Rank and Salary: Associate Librarian – Librarian Rank ($78,997 – $162,183) Position Availability: Immediately Application deadline for first consideration: October 27, 2026 The UCLA Library seeks a highly collaborative leader to serve as unit head for the recently-created Teaching and Learning Services (TLS) department. The director will oversee the department’s programs and services, which include information literacy instruction, core research assistance services, instructional design and assessment, and student engagement. TLS provides direction and leadership for these areas and collaborates with other Library departments for implementation and alignment, including topics such as information literacy related to artificial intelligence, mis/disinformation, and sustainable, scalable, and inclusive pedagogy. This is an opportunity to shape the future of UCLA Library’s teaching and learning programs and lead a talented, creative team whose collective expertise and commitment to service foster strong partnerships across campus. Position Duties Reporting to the AUL for Teaching, Learning, and Research. The incumbent is responsible for the following: Specific duties and responsibilities include: Develop and lead service strategy for Teaching and Learning Services, including sustainable and scalable information literacy and research help services with focus on: coordination of research help services, foundational and advanced information literacy; student engagement programs, instructional design, and assessment. Collaborate with Library colleagues to develop and align teaching and learning services and support with departments outside of the TLR division, including Special Collections, International and Area Studies, and the Film and Television Archive. Develop and maintain strategic relationships with campus partners and entities in support of Library and departmental goals and priorities. Oversee unit allocated budgets in accordance with UCLA Library Fund Manager expectations. Oversee recruitment, coaching, mentorship, performance management, and retention of ~18 librarians and staff, both as a direct and indirect supervisor. Serve as Review Initiator (RI) for librarians and support other supervisors and team leads in their responsibilities. Ensure librarian and staff responsibilities and goals are in alignment with unit, division, and library-wide goals and priorities. Collaborate with colleagues across the Library to inform space-related upgrades and modifications to support services and programming priorities. Collaborate with colleagues across the Library to ensure collections support evolving teaching and research needs. Work with AUL to ensure departmental staffing and service models support Library goals and complement Research Services and Access Services foci and service models. Serve as an active member of the Library’s Management Council. Work closely with Library Development to identify and steward donors, collections, and endowed gift funds. The successful candidate will be committed to promoting and enhancing diversity through engagement with and promotion of the UCLA True Bruin values and the UCLA Principles of Community ; able to collaborate across departments and divisions; foster an inclusive and team-oriented work environment; adaptable to change; and able to lead teams through change. For your convenience, the complete posting can be viewed here: https://recruit.apo.ucla.edu/JPF11363 UCLA is an Equal Opportunity/Affirmative Action Employer advancing inclusive excellence. All qualified applicants will receive consideration for employment without regard to race, color, religion, sex, sexual orientation, gender identity, national origin, disability, age, protected veteran status, or other protected categories cov

Source: https://www.arl.org/job-posting/director-of-teaching-and-learning-services/",ARL
Director of Advancement,University of Florida,FL,Academic,,,,2026-09-29,https://www.arl.org/job-posting/director-of-advancement-2/,"Director of Advancement Director of Advancement University of Florida Job Location: Apply By: 10/20/2026 Date Created: 09/29/2026 POSITION VACANCY ANNOUNCEMENT Director of Advancement University of Florida George A Smathers Libraries The University of Florida’s George A. Smathers Libraries seeks a Director of Advancement to lead the planning and execution of a comprehensive philanthropy and external relations program for the George A. Smathers Libraries in coordination with the Dean of University Libraries. This position reports dually to the Dean of University Libraries and the Senior Assistant Vice President (SRAVP) of Development. Few areas of a university have the ability to impact students, faculty, researchers, and communities as broadly as their libraries. The George A. Smathers Libraries are seeking a Director of Advancement to lead the vision and strategy for a comprehensive philanthropy and external relations program. In partnership with the Interim Dean of University Libraries and UF Advancement leadership, the Director will drive major gift fundraising, cultivate meaningful donor relationships, oversee stewardship and volunteer engagement, and build a strong philanthropic pipeline in support of the Libraries’ strategic priorities. This is a unique opportunity for an accomplished advancement professional to shape a growing fundraising program and inspire philanthropic investment in the resources, collections, and initiatives that fuel discovery and learning across the university and beyond. The search will remain open until October 20, 2026, and applications will be reviewed as received. For a full description of the position and instructions on how to apply, please refer Job Number 541523 . The University of Florida is an equal opportunity employer and is strongly committed to the thought, skill, and experience of our faculty and staff. Applicants from a broad spectrum of people are especially encouraged to apply. Address inquiries to Tina M. Litchfield, Smathers Libraries Human Resources Office, at: [ protected] . Learn More » Related Documents There are no related documents for this job post.

Source: https://www.arl.org/job-posting/director-of-advancement-2/",ARL
Social and Behavioral Sciences Librarian,University of Massachusetts Amherst,MA,Academic,Hybrid,,,2026-09-29,https://www.arl.org/job-posting/social-and-behavioral-sciences-librarian/,"Social and Behavioral Sciences Librarian Social and Behavioral Sciences Librarian University of Massachusetts Amherst Job Location: Apply By: 10/25/2026 Date Created: 09/29/2026 Title: Social and Behavioral Sciences Librarian Executive Area: Academic Affairs College/School/MBU: Other Academic Units Department: Lib – Res & Learning Services Work Location: Amherst Schedule: full time Work Arrangement: Hybrid Job Summary As liaison to multiple departments in UMass Amherst’s College of Social and Behavioral Sciences, the Social and Behavioral Sciences (SBS) Librarian actively engages with faculty, staff and students in aligning library resources with their needs and cultivates relationships that support the university’s research, teaching, and learning goals. The SBS Librarian will be part of an evolving team-based liaison model, working closely with librarians supporting business, data services, innovation and entrepreneurship, Native American and Indigenous studies, and regional planning, among other areas. The SBS Librarian reports to the Head of Academic Engagement and delivers library instruction, provides research consultations, contributes to collection strategies, supports the dissemination of new scholarly work, and facilitates strategic, cross-disciplinary partnerships. Essential Functions Liaise with the College of Social and Behavioral Sciences and serve as the Libraries’ primary contact for the Departments of Anthropology, Legal Studies, Political Science, Public Policy, Sociology, and related programs and centers. Communicate regularly and proactively with campus faculty, staff, and students to develop and maintain strong and productive working relationships. Lead workshops and course-related instruction in the social sciences, including topics in information literacy, information seeking, ethical use of information, and Artificial Intelligence. Create library guides, web pages, and learning objects, and collaborate with faculty on course assignments and materials as appropriate. Provide advanced consultations to library users, in-person, synchronously, and asynchronously, supporting them throughout the research cycle. Partner with colleagues across the libraries, including liaison teams and functional teams (e.g., evidence synthesis), to plan and deliver teaching, outreach, and research support initiatives that advance institutional goals. Initiate or participate in assessment activities, such as collecting, reporting, maintaining, interpreting, analyzing, and using data, to improve services and demonstrate impact. Contribute to the Libraries and the University through committee service. Advance the field of librarianship and/or social science disciplines through professional service, publications, presentations, or other forms of research or scholarly activities. Participate in outreach events and represent the library in professional contexts Pursue ongoing professional development that supports library and institutional objectives. Other Functions Perform other duties and contribute to special projects as assigned, with occasional evening or weekend hours required. Minimum Qualifications ALA-accredited master’s degree in library/information science. Demonstrated ability to work collaboratively with colleagues and build relationships with diverse partners, such as campus units and community organizations. Effective oral and written communication skills and strong interpersonal skills Ability to work independently, take initiative, and complete projects. Experience managing multiple priorities and deadlines using organizational and project management skills. Knowledge of current trends or practices in academic libraries related to teaching, learning, and research in the social sciences. Preferred Qualifications One year of experience providing relevant research services in an academic and/or legal setting. Experience delivering library instruction through synchronous and asynchronous modes Research consultation exp

Source: https://www.arl.org/job-posting/social-and-behavioral-sciences-librarian/",ARL
"Director, Digital Services (Vacancy#: VAR003460)",Library of Congress,DC,Government,,,,2026-09-29,https://www.arl.org/job-posting/director-digital-services-vacancy-var003460/,"Director, Digital Services (Vacancy#: VAR003460) Director, Digital Services (Vacancy#: VAR003460) Library of Congress Job Location: Apply By: 10/13/2026 Date Created: 09/29/2026 Opening Date : September 23, 2026 Closing Date : October 13, 2026 OPM Control Number : 886060800 Vacancy Number : VAR003460 LC Organization Unit : Discovery and Preservation Services Grade : SL-00 Series : 0340 Minimum Salary : $151,661.00 per year Maximum Salary : $228,000 per year Work Schedule : Full-time – Flexitime Promotion Potential : SL-00 Duty Location : Washington, DC Security Clearance : Not Required Availability : Open to All This position is located in the Digital Services Directorate (DSD), Discovery and Preservation Services (DPS), Library Collections and Services Group (LCSG). The Director for Digital Services provides a wide range of analytical, technical, managerial, and advisory functions related to the various programs within DPS and the broader LCSG. The Director has overall responsibility for the digitization of Library collections for access and preservation, lifecycle management of digital collections, and metadata workflow development and activities. Career Showcase Director, Digital Services Directorate Thursday, October 1, 2026 1:00 p.m. – 2:00 p.m. ET This event will be available on Zoom for Government. Join a live, virtual Career Showcase to learn about an exciting career opportunity directly from senior leaders at the Library of Congress. Simply log on to the link below on Thursday, October 1, at 1:00 p.m. (ET) to learn about the Director, Digital Services Directorate at the Library of Congress. Registration is not required. To participate anonymously, simply identify yourself as “Anonymous2026” when entering the session. Please join the webinar on Zoom>> When: Thursday, October 1, at 1:00 p.m. Eastern Time (US and Canada) Topic: Library of Congress – Career Showcase | Director, Digital Services Directorate Telephone: 1-646-828-7666 Webinar ID: 165 265 5043 Request ADA accommodations five business days in advance at (202) 707-6362 or [ protected] . A recording of the Career Showcase will be available by no later three business days following the event. We encourage you to stay connected by signing up to receive job and internship alerts and by following us on . Learn More » Related Documents There are no related documents for this job post.

Source: https://www.arl.org/job-posting/director-digital-services-vacancy-var003460/",ARL
Dean of the Barnard Library and Archives,Barnard College,NY,Academic,,,,2026-09-28,https://www.arl.org/job-posting/dean-of-the-barnard-library-and-archives/,"Dean of the Barnard Library and Archives Dean of the Barnard Library and Archives Barnard College Job Location: Apply By: Open until filled Date Created: 09/28/2026 Dean of the Barnard Library and Archives Barnard College New York, NY Barnard College seeks an innovative and thoughtful leader as its next Dean for Barnard Library and Archives. Reporting directly to the Provost and Dean of Faculty, the Dean provides intellectual, strategic, operational, and visionary leadership for the Library in alignment with Barnard’s vision, mission, and strategic goals. The Library is housed in the Milstein Center for Teaching and Learning, a building at the center of the campus that brings together the library, several academic centers, departments, classrooms, and informal gathering spaces. Working with our distinguished faculty and staff, the Dean will join an extraordinary team of scholars engaged in innovative research and transformative teaching within Barnard’s distinctive academic culture, which combines the benefits of an outstanding liberal education with the opportunities of a major research university. The Dean of Barnard Library and Archives provides leadership for an interdisciplinary, collaborative space of intellectual discovery, cutting edge research and transformative teaching. The Dean will join Barnard at a critical moment in higher education in general and for libraries specifically. The Dean will develop, articulate, and bring to life a vision for the Library’s future, aligning that vision with the College’s mission and College-wide strategies; provide inspired leadership to a highly professional, collaborative, committed, and service-focused team; support, advocate for, and provide access to resources for research, teaching, and learning for faculty and students; and guide the continuing evolution and implementation of new technology and services that enhance the Library’s digital and physical presence. The successful candidate will bring extensive experience working in collaborative, innovative, digital, and interdisciplinary environments and will possess a deep understanding of current issues relevant to academic librarianship, including information services, pedagogy and inquiry, digital libraries and library technologies, scholarly communication, assessment, strategic planning, and advocacy. The Dean will manage a highly collaborative and complex organization with skill, integrity, and respect. A commitment to open communication and consultative leadership, combined with strong interpersonal, problem solving, and decision-making skills, is crucial. DSG Global has been exclusively retained for this engagement, which is being led by Amy Sugin, Managing Director, and Laura Bertonazzi, Managing Associate. To express interest in this role, please submit a compelling cover letter and resume by filling out DSG Global’s Talent Profile . Review of candidate materials will begin immediately. All inquiries and discussions will be considered strictly confidential. To learn more about this opportunity, view the full Leadership Profile on the DSG Global website. The compensation range for this position is $155,000-$185,000 with a generous benefits package designed to support physical, mental, and financial wellness. Barnard College is an Equal Opportunity Employer. Barnard does not discriminate due to race, color, creed, religion, sex, sexual orientation, gender and/or gender identity or expression, marital or parental status, national origin, ethnicity, citizenship status, veteran or military status, age, disability, or any other legally protected basis, and to the extent permitted by law. Qualified candidates of diverse ethnic and racial backgrounds are encouraged to apply for vacant positions at all levels. Learn More » Related Documents There are no related documents for this job post.

Source: https://www.arl.org/job-posting/dean-of-the-barnard-library-and-archives/",ARL
Systems Librarian,NC State University,NC,Academic,Onsite,,,2026-09-25,https://www.arl.org/job-posting/systems-librarian/,"Systems Librarian Systems Librarian NC State University Job Location: Apply By: Open until filled Date Created: 09/25/2026 The NC State University Libraries invites applications and nominations for the position of Systems Librarian in the Digital Library Initiatives department. The Digital Library Initiatives (DLI) department applies systems analysis, design, service development, and software development skills to the creation and improvement of a broad range of library products and services. As a collaborative and consultative partner, DLI works with stakeholders across the Libraries and university to bring new services to life and solve complex technical challenges. DLI develops and supports the core systems that provide access to the Libraries’ and electronic resources, including Ex Libris Alma, the Primo discovery layer, ILLiad, and EZproxy. The department maintains a broad portfolio of prototype and production systems and services in areas including digital collections, high-technology spaces, researcher profiles and identifiers, exploratory applications of machine learning and AI, and assessment and analytics. DLI develops new research infrastructure support services focused on improving the efficiency and productivity of NC State researchers in collaboration with university partners including the Office of Information Technology (OIT) and the Office of Research and Innovation (ORI). Staff develop and support open source and locally developed applications that promote resource discovery and delivery, enable use of Libraries spaces, and improve staff workflows. For examples of the department’s projects and initiatives, visit: https://www.lib.ncsu.edu/dli/projects Responsibilities: The Systems Librarian provides primary administration and project management for the Libraries’ Ex Libris Alma platform and public-facing Primo discovery layer. The position facilitates collaborative decision-making for these discovery tools, including chairing the Libraries’ Alma Product Team and working with all library services platform teams to align system policies with user and departmental needs. The position translates complex technical developments into clear, functional workflows for colleagues, helping to optimize processes across functional areas, including fulfillment, acquisitions, resource management, resource sharing, and user experience. They partner with other stakeholders to manage the Alma platform’s lifecycle, including monitoring software release schedules, assessing their impacts on library operations, utilizing analytics to generate reports for data-informed decision-making, implementing configuration updates, maintaining technical documentation, and providing functional support for library staff. The position acts as a primary technical liaison with Ex Libris and participates actively in professional communities such as ELUNA, the UNC System, and the Triangle Research Libraries Network (TRLN). They actively explore emerging services and technologies, including AI-driven improvements to library search, discovery, and internal workflows, working to enhance the library user experience. Minimum salary: $80,000 annually . Review of applications is underway; position will remain open until a suitable candidate is found. Candidates are encouraged to apply as soon as possible to receive full consideration. The Libraries anticipates virtual first round interviews, with finalist interviews happening in person. For additional information, please review the full vacancy announcement with application instructions at: https://www.lib.ncsu.edu/jobs/ehra/system-librarian NC State University is an equal opportunity employer. All qualified applicants will receive consideration for employment without regard to age, color, disability, gender identity, genetic information, national origin, race, religion, sex, sexual orientation, or status as a protected veteran. Persons with disabilities requiring accommodations in the application and inter

Source: https://www.arl.org/job-posting/systems-librarian/",ARL
Director for Digital Services,Library of Congress,DC,,,,,2026-09-24,https://www.arl.org/job-posting/director-for-digital-services/,"Director for Digital Services Director for Digital Services Library of Congress Job Location: Apply By: 10/13/2026 Date Created: 09/24/2026 The Library of Congress is searching for its next Director for Digital Services. The salary range for this position is $151,661 – $228,000 per year. The position is eligible for limited telework and a flexitime work schedule as determined by agency policy. The Director for Digital Services is responsible for the Library’s digital collections, discovery, and metadata management services through the leadership of the Digital Services Directorate under the Associate Librarian for Discovery and Preservation Services, within the Library Collections and Services Group. The Digital Services Directorate encompasses three Divisions: Collections Digitization, Collections Discovery & Metadata Services, and Digital Collection Management & Services, together consisting of approximately 100 staff members. Areas of work include collections digitization, web archiving, acquisition of born digital materials, collection metadata management, and product management for systems that enable access to and discovery of the Library’s collections for its users. For more information about this position and the Digital Services Directorate, please join the Career Showcase webinar on October 1 from 1:00-2:00pm EDT for presentations and a live Q&A. The webinar will be recorded. Visit the Library of Congress careers page for this vacancy for a link to the full job description on USAjobs and for Career Showcase webinar details. The application deadline is October 13, 2026. Note that resumes and CVs exceeding two pages are permitted for all vacancies at the Library of Congress and are encouraged for this position. Learn More » Related Documents There are no related documents for this job post.

Source: https://www.arl.org/job-posting/director-for-digital-services/",ARL
Research Information Librarian,Oklahoma State University,OK,Academic,,,,2026-09-24,https://www.arl.org/job-posting/research-information-librarian/,"Research Information Librarian Research Information Librarian Oklahoma State University Job Location: Date Created: 09/24/2026 Research Information Librarian Reporting to the Department Head of Research and Learning Services, the Oklahoma State University Libraries seeks a dynamic Research Information Librarian to lead the library’s research information management system and contribute to scholarly communications and research engagement services. This is a tenure-track position with anticipated initial appointment at the rank of Assistant or Associate Professor. The Research Information Librarian will administer Experts Directory, OSU’s faculty research information management system (running on Symplectic Elements) and serve on a team providing support for scholarly communications, open access, and research impact. The successful candidate will foster relationships with researchers, library colleagues, and research support services across the university to enhance the discoverability and impact of OSU scholarship. Additionally, the position will entail academic department liaison responsibilities. The position is a vital part of the Research and Learning Services unit, a highly collaborative library team that seeks to learn together and support each other. We expect some experience in research information management or scholarly communications, but we are primarily interested in a candidate’s ability to work effectively across both the technical side and the relational side of research support services. Primary responsibilities: • Administer Experts Directory, including data integration, configuration, reporting, training, and support • Provide consultations, workshops, and instruction on scholarly communications topics including open access, copyright, author rights, and research impact • Support faculty deposit of scholarship in Open Research Oklahoma and advance the library’s open access initiatives • Develop and maintain partnerships with faculty, campus offices, and other OSU System schools to support the discoverability of OSU research and scholarship • Serve as library liaison to academic departments, supporting instruction, research, and collection development • Meet university requirements for tenure-track faculty in scholarship, creative activity, and service Required qualifications: • A master’s degree in library or information science from an ALA-accredited program, or a master’s degree in a related field combined with relevant professional experience • Experience in research support, scholarly communications, research information management, or a related area in an academic or research environment • Willingness to work with technical tools for data cleaning and reporting (such as APIs, scripting languages, or SQL), with the ability to develop expertise as needed • Working knowledge of scholarly communications issues including open access, and author rights, and research impact • A broad understanding of the contribution of libraries to the research, teaching, and outreach mission of land-grant universities • Ability to meet university standards for tenure-track faculty in scholarship, creative activity, and service Preferred qualifications: • Experience with research information management systems such as Symplectic Elements, Pure, VIVO, or similar platforms • Experience with APIs, scripting languages (R, Python), or SQL • Experience providing copyright consultation, instruction, or guidance to faculty and students, including topics such as fair use, author rights, Creative Commons licensing, and copyright in scholarly publishing • Experience with persistent identifiers (ORCID, ROR) and scholarly bibliographic data sources (Scopus, Dimensions, OpenAlex, Crossref) Candidates are encouraged to view Dean Sheila Johnson’s Expectations for Library Leaders. General information about the OSU Libraries is available on the OSU Edmon Low Library & Branch Libraries website. Salary is a minimum of $65,000 annually for an 11-m

Source: https://www.arl.org/job-posting/research-information-librarian/",ARL
"Patent, Trademark, and Government Documents Librarian",Oklahoma State University,OK,Academic,,,,2026-09-24,https://www.arl.org/job-posting/patent-trademark-and-government-documents-librarian/,"Patent, Trademark, and Government Documents Librarian Patent, Trademark, and Government Documents Librarian Oklahoma State University Job Location: Date Created: 09/24/2026 The Oklahoma State University Library invites applications for a Patent, Trademark, and Government Documents Librarian. This position will focus on leading the University’s Patent and Trademark Resource Center (PTRC) as well as the government documents unit, which is the Regional Federal Depository Library in Oklahoma. We desire someone who is creative, has a passion for learning and engagement, and is eager to drive their own projects, while working collaboratively toward the mission and goals of the unit, the Library, and the University. This is a tenure-track faculty position reporting to the Associate Dean for Distinctive Collections. Responsibilities: The successful candidate will provide administrative leadership for the government documents unit and the PTRC, serving as a resource for students, staff, and faculty as well as the broader Oklahoma public. The successful candidate will also serve as the lead for the state’s Regional Federal Depository Library collection and will provide guidance and assistance to selective libraries in Oklahoma. In addition, this position will have liaison duties for the departments of History and Political Science. This person will provide relevant reference services, library instruction, collection development, and outreach and will work to develop collaborations on and off campus. Along with their everyday responsibilities, they will identify and implement new initiatives, build networks and relationships, and look for opportunities to expand the reach of their unit. This position will collaborate with others both within and outside of the Library and the OSU community. Required Qualifications: • a Master’s in Library and Information Science • demonstrated collegiality • the ability to foster a collaborative environment • exceptional core competencies including communication and organization • ability to meet university standards for tenure-track faculty in scholarship, creative activity, and service Desired Qualifications: • previous experience with government documents and databases • past work with patent and trademark searches • experience providing reference and instruction in a library setting Candidates are encouraged to view Dean Sheila Johnson’s expectations for Library leaders: https://library.okstate.edu/about/dean-of-libraries/leadership-expectations. For general information about the Library, see https://library.okstate.edu/about/dean-of-libraries/. Compensation Package You will be offered a competitive salary minimum $65,000 for 11 months and benefits package in an area that enjoys a low cost of living. The package will include a generous holiday schedule and leave accrual. You will be offered start-up funding for research or travel and have access to the Library’s grant writer and development team as well as a full communications team. Deadline: For full consideration please attach a curriculum vitae, cover letter and list of three professional references. Application review begins on October 16, 2026 and continues until the position is filled. For consideration of your application materials, apply through jobs.okstate.edu and search for 495117. Along with the listed qualifications, please indicate in your cover letter any other professional experiences, certifications, or accomplishments that you would bring to this position. Questions about the application process may be directed to Mary Larson, Associate Dean for Distinctive Collections, at [ protected] or 405-744-6588. Candidates will be asked to deliver a presentation to faculty and staff. All positions are subject to the availability of funding, and any offers are contingent upon the successful completion of a background check. Federal law requires employers to provide reasonable accommodation to qualified individuals with disabilities. Please tel

Source: https://www.arl.org/job-posting/patent-trademark-and-government-documents-librarian/",ARL
Head of Scholarly Communications,University of Chicago,IL,Academic,,,,2026-09-23,https://www.arl.org/job-posting/head-of-scholarly-communications/,"Head of Scholarly Communications Head of Scholarly Communications University of Chicago Job Location: Apply By: 10/21/2026 Date Created: 09/23/2026 Location: Chicago, IL Open Date: Sep 21, 2026 Salary Range or Pay Grade: $72,250- $85,000 Description The Head of Scholarly Communications shapes how the University of Chicago shares, preserves, and elevates its research. They will guide a growing portfolio of open scholarship and repository services, lead strategy in a rapidly shifting publishing environment, and serve as a campus-wide voice for sustainable, equitable scholarly communication. This position reports to the Director of Digital Scholarship and works closely with colleagues across the Library and the university. The ideal candidate will bring expertise in open scholarship, copyright, persistent identifiers, and compliance with funder mandates. They will also oversee the institutional repository, UChicago Knowledge, and provide leadership for the staff who run it day to day. Responsibilities: Partner with the Director to set direction for scholarly communication services, ensuring they’re forward-looking, realistic, and aligned with broader Library priorities. Design and deliver inclusive, sustainable services that support open scholarship, long-term preservation, research information management needs, and wide dissemination of University research outputs. Supervise and mentor the Repository Services Manager. Guide policy, development, and operations for UChicago Knowledge. Work directly with faculty, students, and staff to help them manage and their work, including copyright, PIDs, funder requirements, and more. Provide copyright and scholarly communication expertise across the Library. Collaborate with librarians to create strong outreach, training, and campus engagement. Partner with campus IT and research computing units to evaluate, pilot, and implement technologies that strengthen scholarly communication infrastructure. Participate in national conversations on standards, best practices, and research lifecycle management. Play an active role in Library committees, strategic initiatives, and diversity efforts. Perform other duties as assigned. Qualifications Required: Master’s degree from an ALA-accredited MLS/MLIS or an advanced degree in a relevant field. At least three years of experience supporting scholarly communication in an academic environment. Experience supervising staff and leading teams through change. Ability to collaborate across disciplines, functions, and diverse communities. Preferred: Experience managing or contributing to institutional repository services, including workflows, metadata practices, or platform administration. Experience supervising staff and leading teams through change. A track record of using technology to evolve services or improve workflows. Evidence of productive, trust-based work with faculty and students. Engagement in professional communities related to scholarly communication. A user-centered mindset, paired with a commitment to continuous improvement and experimentation. Application Instructions To Apply: Submit cover letter, curriculum vitae, and reference contact information online through the University of Chicago’s Academic Recruiting website: apply.interfolio.com/194068 . Review of applications will begin after October 21, 2026. Screening of applications will continue until the position is filled or the search is closed. Salary and Benefits: $72,250- $85,000. The position also includes a relocation allowance for qualifying expenses. This position is benefits-eligible. The University of Chicago offers a wide range of benefits programs and resources for eligible employees, including health, retirement, and paid time off. Information about the benefit offerings can be found in the Benefits Guidebook . Questions: Contact the University Library Human Resources department at [ protected] . Equal Employment Opportunity Statement The University of Chicago is an equal opportu

Source: https://www.arl.org/job-posting/head-of-scholarly-communications/",ARL
Head of Library Experience and Services,Pennsylvania State University,PA,Academic,Onsite,,,2026-09-23,https://www.arl.org/job-posting/head-of-library-experience-and-services/,"Head of Library Experience and Services Head of Library Experience and Services Pennsylvania State University Job Location: Date Created: 09/23/2026 Head of Library Experience and Services POSITION SPECIFICS Head of Library Experience and Services Responsibilities The Penn State University Libraries seeks a collaborative and engaged Head of Library Experience and Services at Associate or Full Rank to advance a culture of service quality, collaboration, and student success at Penn State University Libraries. This position will lead a newly aligned portfolio and provide strategic leadership and operational responsibility for most of the public service points across University Park Libraries spaces, including service points at Pattee & Paterno Libraries and multiple branch library locations. This newly established portfolio consolidates previously distributed service functions under unified leadership to ensure consistent, high-quality, values-driven service experiences for students, faculty, staff, and community guests across all Libraries facilities. The Head of Library Experience and Services serves as an academic administrator responsible for setting departmental vision and standards and manages and mentors service point supervisors and employees. Additionally, the Head of Library Experience and Services closely collaborates with University Libraries colleagues, stakeholders, and partners to cooperatively develop and advance the Libraries’ strategic priorities and values, including equitable access, inclusion, user-centered design, and continuous improvement, through the daily experience students and other patrons have at our service points. The Head of Library Experience and Services will collaborate closely with library partners and units that manage complementary programs and services within Libraries spaces on the University Park campus, managing these relationships and connecting our partners’ programmatic goals with the Libraries’ programmatic goals. This position reports to the Associate Dean for Learning and Engagement and is a member of the Learning and Engagement Leadership Team and the University Libraries’ Leadership Council. This position is located at the University Park campus in State College, PA and the University expects regular onsite presence to fully participate in their university workspace or on-campus intellectual and educational community. The successful candidate will be responsible for the following Set strategic direction for the Library Experience and Services portfolio, establishing its vision, structure, and operational expectations, and leading change management efforts to unify distinct service cultures into a cohesive, values-aligned department; Supervise and develop employees, directly managing service point managers, supervisors, and coordinators while fostering accountability, collaboration, and professional growth; Oversee service operations, including scheduling, staffing models, cross-training, and coverage planning, to ensure consistent, flexible, and resilient service delivery, including foundational reference services, across all University Park library service points and spaces; Drive evidence-based improvement by developing and applying assessment tools, user feedback, and service data to evaluate quality, identify opportunities, and demonstrate impact, championing a user-centered, inclusive approach throughout; Coordinate with campus and library stakeholders, serving as the primary contact for campus units operating within library spaces and collaborating on building operations, renovations, and service integration; Manage budget and resources, directing departmental budget, staffing, and resource planning; Ensure compliance and safety, collaborating on adherence to University policies for safety, security, accessibility, and emergency response in library spaces; Represent the Libraries in governance, serving on internal committees, task forces, and working groups, as well as repr

Source: https://www.arl.org/job-posting/head-of-library-experience-and-services/",ARL
Innovations in Jewish Life Archivist,University of Colorado Boulder Libraries,CO,Academic,Hybrid,,,2026-09-22,https://www.arl.org/job-posting/innovations-in-jewish-life-archivist/,"Innovations in Jewish Life Archivist Innovations in Jewish Life Archivist University of Colorado Boulder Libraries Job Location: Apply By: 10/11/2026 Date Created: 09/22/2026 Job Announcement University of Colorado Boulder Libraries Innovations in Jewish Life Archivist The University of Colorado Boulder (CU Boulder) Libraries is excited to invite applications from collaborative and creative candidates for the position of Innovations in Jewish Life Archivist! The Innovations in Jewish Life Archivist is a two year, limited-term teaching faculty position that will manage the University Libraries’ unique Innovations in Jewish Life (IJL) archival collections, which document the work of individuals and groups who transformed the American Jewish experience from post-World War II to the present. The IJL collections are co-stewarded by both the Libraries and CU’s Program in Jewish Studies (JWST). The position’s primary responsibilities include supporting collection development of the IJL collections, including appraisal, acquisition, and accessioning; leading Libraries instruction sessions with these materials for classes across campus units; participating in related ongoing grant-funded activities co-led by the Libraries and JWST; supporting Libraries and JWST fellowship programs and other opportunities for outreach and engagement with the IJL collections; and delivering reference services and student support for these collections. In close collaboration with other archivists in the University Libraries, the Innovations in Jewish Life Archivist will also process, arrange, and describe IJL archival collections, supervise student employees, interns, apprentices, and/or volunteers to assist with this work, and participate in weekly service point shifts in the Reading Room in Norlin Library. This position is 100% librarianship; research and service duties are not required by this role. The Innovations in Jewish Life Archivist has the opportunity to work in a hybrid capacity and reports to the Head of the Distinctive Collections & Institutional Memory Unit. The Distinctive Collections & Institutional Memory Unit is part of the Collection and Archival Strategy Department which is part of the Research and Innovation Strategies Division. Please see the Libraries’ organizational chart . What We Require: ALA-accredited Master’s degree in Library and Information Science, Archival Studies, or Public History with a focus or concentration in archives management; Minimum of 1 year of experience working with archival collections; Demonstrated initiative and flexibility to work both independently and collaboratively; Demonstrated ability to develop partnerships and collaborate with and receive input from others while supporting a welcoming and inclusive environment; Experience applying professional best practices to the arrangement and description of archival collections, including using ArchivesSpace to create finding aids. What You Will Need: Experience supporting or leading collection development activities for archival collections; Experience supporting or leading instruction, outreach, and/or engagement opportunities for archival collections; Experience delivering reference services for archival collections. What We Would Like You to Have: Experience conducting appraisal and accessioning of acquisitions of archival collections; Experience supporting relationships with donors of archival collections; Experience identifying and resolving preservation concerns for archival collections; Degree, coursework, or related professional experience in Religious Studies or Jewish Studies; Proficiency in Hebrew and/or Yiddish. Who We Are Mission We are a knowledge catalyst. We fuel inquiry, discovery, collaboration, creation, and the dissemination of knowledge. We welcome everyone, wherever they are on their educational journey. Vision An information-empowered world. Values Include • Empower • Connect • Learn • Inspire Our values define our interactions within

Source: https://www.arl.org/job-posting/innovations-in-jewish-life-archivist/",ARL
Academic Belonging and Research Engagement Librarian,University of Louisville,KY,Academic,,,,2026-09-22,https://www.arl.org/job-posting/academic-belonging-and-research-engagement-librarian/,"Academic Belonging and Research Engagement Librarian Academic Belonging and Research Engagement Librarian University of Louisville Job Location: Apply By: 10/19/2026 Date Created: 09/22/2026 The University of Louisville Libraries seeks forward-thinking and enthusiastic candidates for the new tenure-track position of Academic Belonging & Research Engagement Librarian. Reporting to the Associate Director of Ekstrom Library, this entry-level position will contribute directly to university priorities around student success and retention, including the LEARN pillar of UofL’s 2026–2030 Strategic Plan, which prioritizes expanding access to high-impact educational opportunities, including undergraduate research, while reducing barriers to participation and promoting equitable student outcomes. The successful candidate will join a team of highly collaborative librarians in the Research Assistance and Instruction Department and help coordinate high-impact initiatives that strengthen academic belonging, confidence, and self-efficacy among undergraduate students and create pathways into academic research environments, particularly for students who may experience barriers to participation, such as first-generation, military-connected, transfer, and other non-traditional students. The Academic Belonging & Research Engagement Librarian will support the ongoing development of our signature student success initiatives, including our First-Generation Scholars Research Fellows program, currently in the early stages of development. This new program introduces students to foundational research methods and resources, while fostering academic belonging, confidence, and scholarly identity formation. The Academic Belonging & Research Engagement Librarian will work with fellow Ekstrom librarians, other University Libraries’ librarians, and campus partners to help build and manage the fellows program, including conducting outreach to faculty and students across academic units. Other signature initiatives include our Undergraduate Research Award, Affordable Learning Program, and workforce readiness activities focusing on generative AI and emerging technologies. The Academic Belonging & Research Engagement Librarian will have an opportunity to contribute to these initiatives and will also support general research, information literacy, and liaison services in the library, primarily in the humanities. Entry-level candidates, including current MLIS students with an anticipated graduation date of December 2026, are strongly encouraged to apply. The successful candidate will have opportunities for mentoring and support while developing expertise in student success, liaison work, and program development. Primary Responsibilities Contribute to the development and implementation of Ekstrom Library programs that advance academic belonging, confidence, and engagement, including curricular and co-curricular learning opportunities. Develop and support creative programming that builds research confidence, scholarly identity, and engagement, including the First-Generation Scholars Research Fellows program and other emerging initiatives. Create welcoming environments and pathways into Ekstrom Library services and scholarly practices for students who may have limited prior exposure to academic research environments. Collaborate with other librarians to provide liaison services for campus organizations such as the Center for Belonging, Access, and Engagement and partner with campus units to identify opportunities for scholarly engagement and participation in high-impact educational practices. Support undergraduate learning and transferable academic and research skill development by building productive relationships with academic units and providing relevant instructional and consultative services. Serve as a team member in Ekstrom Library’s Research Assistant and Instruction Department (RAI) and assume library liaison duties to academic colleges and/or departments as nee

Source: https://www.arl.org/job-posting/academic-belonging-and-research-engagement-librarian/",ARL
Director of the Freedman Center for Digital Scholarship,Case Western Reserve University,OH,Academic,,,,2026-09-21,https://www.arl.org/job-posting/director-of-the-freedman-center-for-digital-scholarship/,"Director of the Freedman Center for Digital Scholarship Director of the Freedman Center for Digital Scholarship Case Western Reserve University Job Location: Date Created: 09/21/2026 Case Western Reserve University seeks a forward-thinking and collaborative individual for the Director of the Freedman Center for Digital Scholarship position . A search is being conducted to fill one open position. Applicants who meet the minimum qualifications for the rank of either a Librarian 3 or a Librarian 4 are encouraged to apply. Please see below for details regarding the qualifications, salary, and applications for each rank. POSITION DESCRIPTION . Reporting to the Associate University Librarian for Creation and Curation Services, the Director of the Freedman Center for Digital Scholarship provides leadership, direction, and establishes priorities for all programs, services, and spaces associated with the Digital Scholarship department and the Freedman Center for Digital Scholarship. This includes responsibility for scholarly communication and open scholarship, text and data analysis, geographic information systems (GIS), research data management, and artificial intelligence services. The Director establishes priorities, operations, and services and implements assessment strategies to enable evidence-based planning and decision-making. They work collaboratively with all library areas and play a leadership role in library-wide planning and decision making as a member of the KSL Leadership Team. ENVIRONMENT. Consistently ranked as one of the country’s leading private research institutions, Case Western Reserve University is a member of the Association of American Universities (AAU) that offers a robust learning environment for approximately 6,500 undergraduate and 6,000 graduate and professional students. Students enroll in the schools of dental medicine , engineering , management , medicine , law , nursing , and social work and the College of Arts and Sciences . Students can further engage with 100 interdisciplinary academic and research centers and institutes , all within an academic culture that promotes and values innovation of all kinds. Situated in Cleveland’s vibrant University Circle cultural community, CWRU is an integral partner with world-class cultural organizations such as the Cleveland Museum of Art, the Western Reserve Historical Society, the Cleveland Botanical Garden, and the Cleveland Museum of Natural History. The Kelvin Smith Library is the knowledge and creativity commons of Case Western Reserve University and part of a library system with over three million titles in and digital formats. KSL is home to the University Archives and Special Collections and manuscripts consisting of over 17,000 linear feet, the Kulas Music Collection , and the Freedman Center for Digital Scholarship which advances research by partnering with scholars and students to explore and develop new forms of scholarship. KSL is a member of the Association of Research Libraries (ARL), OhioLINK, the Coalition for Networked Information (CNI), HathiTrust, and the Center for Research Libraries. In 2019, KSL was the recipient of the ACRL Excellence in Academic Libraries Award. KSL affiliate libraries include the Cleveland Institute of Art Library, the Cleveland Institute of Music Robinson Music Library , the Rock and Roll Hall of Fame Library , and a cooperative relationship with the Western Reserve Historical Society Research Library . QUALIFICATIONS . The initial rank of the Director of the Freedman Center for Digital Scholarshipwill be based upon the qualifications of the individual regarding that person’s professional knowledge, abilities, and skills; contributions to the profession through service and scholarly endeavors; and professional qualities consistent with university and library values. Librarian 3 Education/Experience: A Master’s degree in Library/Information Science or an advanced degree in a related discipline; 6 years of relevant librar

Source: https://www.arl.org/job-posting/director-of-the-freedman-center-for-digital-scholarship/",ARL
"Head, Collection Strategies",Pennsylvania State University Libraries,PA,Academic,Onsite,,,2026-09-21,https://www.arl.org/job-posting/head-collection-strategies/,"Head, Collection Strategies Head, Collection Strategies Pennsylvania State University Libraries Job Location: Apply By: 10/25/2026 Date Created: 09/21/2026 Penn State University Libraries (PSUL) seeks applications for Head, Collection Strategies. Reporting to the Associate Dean for Collections and Commonwealth Campus Libraries, this tenure-line position provides strategic guidance for the development, stewardship, assessment, and long-term direction of the Libraries’ research and teaching collections. The Head will focus on collaborating with library colleagues across the University Libraries, institutional partners and constituents across the University, and external partners to develop and implement a unified collections strategy that aligns collection development, acquisitions, interlibrary loan, and intentional, forward-looking stewardship with institutional values, budget realities, and user needs. This is a faculty appointment and an academic administrator. This position requires regular onsite presence at the University Park campus. Duties and Responsibilities Provide strategic leadership and direction for collection development: Articulate and implement vision and strategies for sustainable collection building; co-lead the Libraries’ Collections Council in developing collection strategies, policies, and practices that prioritize equitable access, diverse and inclusive collecting, and responsiveness to emerging research, curricular, and University priorities. Lead the Collection Strategies Department: Supervise and mentor faculty and staff within the Collection Strategies Department (Collection Analysis, Collection Maintenance, and Annex units). Shape collections budget strategy and investment priorities: In collaboration with the Head of Acquisitions and Resource Sharing, synthesize data, usage trends, and community input to develop the Libraries’ collections budget strategy, advise on equitable fund allocation, and provide timely expenditure projections to Libraries’ Administration Lead strategic vendor and publisher negotiations: Develop and maintain relationships with key vendors and publishers in support of major contract negotiations and transformative agreement frameworks. Design and oversee a framework for ongoing assessment of collections investments, including transformative licensing efforts. Advance collection initiatives: Serve as PSUL representative to membership organizations (e.g., BTAA) for group purchasing and collection development decision-making; provide leadership on shared collection projects. Maintain scholarly and professional engagement: Participate in relevant professional committees, leadership roles in professional organizations, and scholarly activity and research. The successful candidate is expected to be hired at the rank of Associate Librarian or Librarian and appointed with tenure within the University Libraries. Candidates qualified for appointment at the rank of Assistant Librarian will also be considered. Candidates for the rank of Assistant Librarian should possess a graduate degree in library or information studies or other appropriate degree; must have demonstrated ability as a librarian; and must have shown growth in research and service. Candidate for the rank of Associate Librarian should possess the same qualifications as the Assistant Librarian, demonstrate excellence in librarianship, show evidence of an established reputation in research, and have a strong record of service to the University and the profession. Candidates for the rank of Librarian should possess the same qualifications as the Associate Librarian; demonstrate sustained excellence in librarianship; have achieved a distinguished reputation in research, scholarship, or librarianship accomplishment; and maintain a substantial record of service and leadership to the University, the profession, and/or the broader community. More information about faculty appointments in the University Libraries can be found in th

Source: https://www.arl.org/job-posting/head-collection-strategies/",ARL
"Associate Director, Schusterman Library",University of Oklahoma,AR,Academic,,,,2026-09-18,https://www.arl.org/job-posting/associate-director-schusterman-library/,"Associate Director, Schusterman Library Associate Director, Schusterman Library University of Oklahoma Job Location: Apply By: 10/09/2026 Date Created: 09/18/2026 The Associate Director will provide leadership and support for all areas of public service; lead the development of policies and procedures in response to the needs of the students, staff, and faculty of OU-Tulsa; monitor library assessment data and collaborate with the librarians and staff to develop appropriate action plans based on findings; and develop training programs for the OU-Tulsa librarians and staff to foster their continuing professional development and growth. The Associate Director will be a part of a dynamic team of librarians, library staff, and graduate research assistants, and will play a significant role in human resources management for the library, including recruiting and mentoring of new staff, attending to matters of personnel management and training, and providing leadership when the Director is unavailable. As the leader of the public services team, the Associate Director will model and provide support for excellence in reference and research services, information literacy instruction, scholarly communications, and collaboration with campus leadership and faculty. They will also engage with student associations and faculty groups on campus to better understand the needs of our primary users and discover innovative ways to connect with them. The librarian will have non-tenure-track, renewable faculty status and will be active in campus and university governance. Participation in professional organizations and scholarly research and service to enhance library services is required and will be necessary for promotion in rank. Compensation: $80,000 to $89,000 commensurate with education and experience Position Responsibilities: Teaching & Librarianship: Liaison Role Serves as the primary health sciences librarian to the Tulsa campus and liaison to the School of Community Medicine. Relationship Development Develops and maintains positive working relationships with OU-Tulsa administrators, faculty, and students, including regular communications with campus stakeholders. Ensures substantive employee engagement and positive working relationships with all levels of staff within Schusterman Library. Research Support Manages the Schusterman Library mediated search service to ensure delivery of consistent, high-quality, time-sensitive results to campus stakeholders. Manages systematic review support services for the OU-Tulsa campus for faculty and staff, providing guidance on research syntheses methodologies, advice on database se-lection, assistance in constructing searches, and expert advice in software and tools for facilitating the management and screening of citations. Instruction Teaches instructional sessions within credit-bearing courses. Teaches and consults with individuals and work groups, including students, staff, residents, and faculty. Develops and maintains educational resource guides and supplements through the University Libraries web site as needed to support education. Library Management Provides leadership and management of library public services including all service points, development of policy and procedure. Participates in the hiring of librarians and other library staff and coordinates onboarding and on-going professional development of direct reports. Monitors and uses library assessment to develop evidence-driven action plans for the library. Assists in the development of strategic and tactical planning for the library. Stands in for the Director as deputy whenever needed. Job Titles Position May Supervise Librarians Staff Graduate research assistants Student employees Research, Scholarship & Creative Activity Participates in research and scholarly activity through presentations, publications, and re-search and creative activities. Professional, University & Administrative Service Participates in library and university comm

Source: https://www.arl.org/job-posting/associate-director-schusterman-library/",ARL
(Librarian) Senior Cooperative and Instructional Program Instructor (VAR003424),Library of Congress,DC,,Hybrid,,,2026-09-18,https://www.arl.org/job-posting/librarian-senior-cooperative-and-instructional-program-instructor-var003424/,"(Librarian) Senior Cooperative and Instructional Program Instructor (VAR003424) (Librarian) Senior Cooperative and Instructional Program Instructor (VAR003424) Library of Congress Job Location: Date Created: 09/18/2026 Opening Date : September 18, 2026 Closing Date : October 8, 2026 OPM Control Number : 885387000 Vacancy Number : VAR003424 LC Organization Unit : Discovery and Preservation Services Grade : GS-13 Series : 1410 Minimum Salary : $121,785.00 per year Maximum Salary : $158,322.00 per year Work Schedule : Full-time – Flexitime Promotion Potential : GS-13 Duty Location : Washington, DC Security Clearance : Other Availability : Open to All Telework Eligibility : Hybrid The Policy, Training, and Cooperative Programs Division provides instruction and coordinates internal and external training programs while managing and participating in the Program for Cooperative Cataloging (PCC), for which it also serves as the Secretariat. The position of the Senior Cooperative and Instructional Programs Instructor serves as a key member of a team responsible for designing, developing, and carrying out best practices for online and instructor-led instructional programs for staff and management in the Library Collections and Services Group. The team is responsible for administering training activities through the service unit’s training website and Library-wide learning management system. The position applies professional knowledge of library science, training principles, and instructional design methods in the preparation and implementation of training courses for the Library Collections and Services Group. We encourage you to stay connected by signing up to receive job and internship alerts and by following us on . Learn More » Related Documents There are no related documents for this job post.

Source: https://www.arl.org/job-posting/librarian-senior-cooperative-and-instructional-program-instructor-var003424/",ARL
"Associate University Librarian (AUL) for User Services, Research and Technology",University of California Riverside,CA,Academic,,,,2026-09-17,https://www.arl.org/job-posting/associate-university-librarian-aul-for-user-services-research-and-technology/,"Associate University Librarian (AUL) for User Services, Research and Technology Associate University Librarian (AUL) for User Services, Research and Technology University of California Riverside Job Location: Apply By: https://apptrkr.com/9835115 Date Created: 09/17/2026 Associate University Librarian (AUL) for User Services, Research and Technology POSITION DESCRIPTION The University of California, Riverside Library seeks a collaborative, innovative, and user-oriented administrator to fill the position of Associate University Librarian (AUL) for User Services, Research and Technology. This role provides strategic vision to optimize the library’s physical and digital user experience, integrating operations of access services, reference, instruction, research services and cyberinfrastructure for seamless and user-oriented access to library services. This position proactively promotes information literacy including artificial intelligence (AI) literacy, research data management and digital scholarship. This senior administrator advances the University’s priorities in student success, research excellence, and community engagement through high-quality library services and effective use of technology. Located an hour’s drive to the east of Los Angeles, an hour west of Palm Springs and the Coachella Valley, an hour east of ocean beaches, ninety minutes north of San Diego, and an hour south of mountain ski resorts, UCR is located in an area of dramatic landscapes and rich cultural traditions. The University is a dynamic, aggressively developing land grant research institution dedicated to preparing its diverse student body to be successful competitors in the world marketplace of ideas. Over the past few years, UCR has accumulated numerous accolades for its achievements. In 2022, it received the following rankings: No. 1 public university in the U.S. for social mobility four years in a row – U.S. News & World Report No. 1 for Hispanic enrollment among selective universities – Urban Institute No. 2 in the country for financial aid – Business Insider No. 2 in Entomology research in the world – Center for World University Rankings No. 3 in Hispanic STEM graduates in the nation – National Science Foundation No. 4 for Pell Grant student performance – Washington Monthly No. 9 among public universities for sustainability – Princeton Review No. 11 most diverse medical school – U.S. News Top 12 public university – Forbes “America’s Best Value Colleges” No. 14 public university – CNBC “Colleges That Pay Off the Most” No. 20 public university – Princeton Review Best Schools for Making a Public Impact No. 31 in the world in plant and animal sciences – U.S. News & World Report In addition, it has attracted faculty with some of the highest academic honors, including: 2 Nobel Prize Winners 3 Guggenheim Awards 4 UC University Professorships 11 Fulbright Scholars 28 National Academies Members The UCR Library is a critical partner in preparing UCR’s students to be globally competitive while simultaneously preparing them to be transformative leaders in the Inland Empire and beyond. The mission of the UCR Library is no less than to bring the world’s information resources to the UCR community and to ensure that UCR students, faculty, and staff have the skills to fully exploit those resources to change the world for the better. The UCR Library is a team of intensely collaborative, forward-thinking colleagues dedicated to providing exemplary services to our students, faculty, and community members in a rapidly evolving information environment. The successful candidate will be technologically-sophisticated; committed to problem-solving in local, regional, national, and international arenas; able to develop innovative solutions to complex problems; and a dynamic and effective leader. The UCR Library is comprised of two facilities housing more than 4,900,000 volumes, 1,740,000 electronic books, 120,000 and electronic journals, and 2,300,000 microforms. The Lib

Source: https://www.arl.org/job-posting/associate-university-librarian-aul-for-user-services-research-and-technology/",ARL
Director of Collections Strategy and Discovery,University of North Carolina at Chapel Hill,NC,Academic,Hybrid,,,2026-09-17,https://www.arl.org/job-posting/director-of-collections-strategy-and-discovery/,"Director of Collections Strategy and Discovery Director of Collections Strategy and Discovery University of North Carolina at Chapel Hill Job Location: Date Created: 09/17/2026 Title: Director of Collections Strategy and Discovery Be a Tar Heel! Working at the University Library puts you at the very heart of the nation’s oldest state university. With an enduring commitment to the people of North Carolina, UNC-Chapel Hill is the number 4 ranked public university in the country and the 10th-ranked university for federal research funding. UNC-Chapel Hill offers full-time employees a comprehensive benefits package, paid leave, and a variety of health, life and retirement plans and additional programs that support a healthy work/life balance. At the University Library, you are part of a welcoming, open library community that advances research, teaching, healing and creativity on campus and far beyond. Here, we strive to create an environment of respect and collaboration, where vision and innovation can flourish. Primary Purpose of Organizational Unit The University Libraries aspires to set the standard for public university research libraries in the digital age. As one of the premier libraries in the South, we are an essential partner in the research, education, clinical care, and public service missions of UNC-Chapel Hill. The library system includes 10 on-campus Libraries, with nearly 10 million volumes, rich archival collections, and a growing investment in digital collections. The University Libraries serves campus and broader communities that reflect the socioeconomic, ethnic, and religious diversity of the state of North Carolina, and we maintain a welcoming, inclusive, and open educational and workplace climate for all. We strive to create an environment of respect and collaboration where vision and innovation can flourish. Learn more about our Strategic Framework — including our pillars, values, and priorities by visiting https://library.unc.edu/about/strategic-framework/’. Position Summary This position may be eligible for a hybrid work arrangement that may include a partially remote work location, consistent with System Office policy. UNC Chapel Hill employees are generally required to reside within a reasonable commuting distance of their assigned duty station. Reporting to the Associate University Librarian for Collections Strategies and Services, the Director of Collections Strategy and Discovery provides vision, direction, and leadership for the Library’s general collections from selection to discovery and the infrastructure that supports it. The Director leads two established departments — Resource Acquisitions and Management (RAM) and Resource Description and Management (RDM) — with 26 FTE and will be charged with creating a third department focused on collection analysis and strategy. The Director is part of a deeply engaged team of library professionals committed to the responsible management of resources through thoughtful decision-making, licensing, description and access, and in support of a world-class research library. Collection development and management The Director uses data-informed assessment to shape the Library’s collection development and management strategies, help manage the multi-million-dollar materials budget, support complex vendor agreement negotiations, and respond to emerging trends in scholarly publishing, open access and accessibility. Access and discovery Working collaboratively with Library and Information Technology (Infrastructure Management Services, User Experiences and Repository Services), the Director ensures that the technical workflows of acquisition, licensing, and metadata creation are optimized to provide seamless, user-centered discovery, and accessibility of library resources. Additionally, the Director works closely with User Experience to license and describe content that is fully accessible. Collection analysis The Director will form and lead a new unit focused on collec

Source: https://www.arl.org/job-posting/director-of-collections-strategy-and-discovery/",ARL
"Associate Dean, Research and Learning Services",University of Washington,WA,Academic,Hybrid,,,2026-09-16,https://www.arl.org/job-posting/associate-dean-research-and-learning-services/,"Associate Dean, Research and Learning Services Associate Dean, Research and Learning Services University of Washington Job Location: Date Created: 09/16/2026 POSITION OVERVIEW The Libraries at the University of Washington invites applications for the Associate Dean, Research and Learning Services at the rank of Associate Librarian or Librarian, with an anticipated start date in the first quarter of 2027. UW librarians have an annual service period of 12 months (July 1-June 30). We seek applicants who demonstrate commitment to excellence in library service in a diverse and inclusive academic community. The base salary range for this position will be $10,700- $12,500 (at the rank of Associate Librarian) and $12,500-13,250 (at the rank of Librarian) per month, commensurate with experience and qualifications, or as mandated by a U.S. Department of Labor prevailing wage determination. An administrative supplement in the amount of $3,500/month will be established at time of appointment. Other compensation associated with this position may include a relocation incentive and/or a moving allowance. UNIVERSITY OF WASHINGTON AND THE UW LIBRARIES The University of Washington comprises campuses in Seattle, Bothell and Tacoma, as well as a world-class medical center. Serving all three UW campuses, the UW Libraries is an integral partner in the education, research, clinical care, and service mission of the University. Beyond the strength of its extensive collections and digital resources, the Libraries is recognized for its excellent programs and services, innovative learning and research spaces, faculty partnerships, global reach, assessment efforts and diverse award-winning staff. RESEARCH AND LEARNING SERVICES Research and Learning Services (RLS) provides user-centered services to the UW community through support for research, teaching, and learning. Composed of eight departments (Access Services; Assessment; Communications; Facilities; Data Services, Sciences, & Health Sciences; Open Scholarship & Publishing and Arts & Humanities; Learning Services & Social Sciences; and the Tateuchi East Asia Library), the portfolio provides public services to advance the mission of the University and the Libraries strategic goals. Units work collaboratively to build integrated services and spaces across multiple Seattle Campus Libraries. POSITION DESCRIPTION Reporting to the Dean of University Libraries, the Associate Dean for Research & Learning Services (RLS) provides visionary, strategic, and operational leadership for a large and dynamic portfolio of approximately 130+ staff across eight departments. The Associate Dean, RLS reports to the Dean of Libraries and is a member of the Libraries senior management team. This position is not tenure eligible. Note: Non-represented librarians are covered under the Administrative Librarian Personnel Code currently under revision. This position is eligible for hybrid work (on campus and remote). SPECIFIC RESPONSIBILITIES AND DUTIES Strategic Leadership and Vision Advance and shape a shared strategic vision for Research & Learning Services, building on ongoing efforts to reimagine services in support of strategic priorities of UW Libraries and in alignment with the University of Washington’s commitments to research excellence, student success, digital transformation, and public impact. Anticipate and respond to trends in higher education, including AI-enabled research, open science, evolving scholarly communication models, and new modes of teaching and learning. Lead, mentor, and develop a diverse workforce; build leadership capacity at all levels; and cultivate a culture of trust, accountability, and continuous learning. Engage with campus stakeholders to advance the work of the Libraries around research, teaching and learning support. As a member of the University Libraries’ senior leadership team, participate in strategic planning, development of new initiatives, financial planning, resource and policy develo

Source: https://www.arl.org/job-posting/associate-dean-research-and-learning-services/",ARL
Scholarly Communication Librarian,Yale University,CT,Academic,,,,2026-09-15,https://www.arl.org/job-posting/scholarly-communication-librarian/,"Scholarly Communication Librarian Scholarly Communication Librarian Yale University Job Location: Date Created: 09/15/2026 Overview The Cushing/Whitney Medical Library seeks a Scholarly Communication Librarian to support students, faculty, staff, and clinicians at the Yale Schools of Medicine, Nursing, and Public Health, as well as the Yale New Haven Health System (YNHHS). The librarian serves as the primary point of contact for scholarly communication and provides consultations, instruction, and outreach on topics including scholarly publishing, compliance with funder public access mandates, publishing ethics, research impact assessment, and emerging trends in scholarly communication. The librarian collaborates with colleagues across the Medical Library and the Yale Library system to advance shared scholarly communication initiatives. The position reports to the Program Director for Collection Strategy and Scholarly Communication. Principal Responsibilities Provides consultations, instruction, and outreach on a wide range of scholarly communication topics to Yale medical campus affiliates. Guides researchers in journal selection; open access publishing options (including green, gold, and diamond models); the use of Yale-supported publishing agreements and repositories (e.g., APC waivers and EliScholar); and compliance with public access requirements from major funders, including the NIH and NSF. Assists researchers in evaluating journals and conferences, identifying predatory or deceptive publishing practices, and interpreting indicators of editorial quality and integrity. Promotes the adoption of persistent identifiers and advises on scholarly identity management, including ORCID and researcher profiles like Google Scholar. Provides support and guidance on the responsible use of bibliometrics, citation metrics, and alternative metrics to demonstrate research impact for promotion, funding, and reporting purposes. Collaborates with the Scholarly Communication and Collection Strategy team on Yale Library-wide scholarly communication initiatives by participating in committees, working groups, and collaborative projects. Collaborates with CWML librarians whose work intersects with scholarly communication, including partnering to create and maintain web content and supporting data sharing, transparency, and reproducibility practices; collaborate with other librarians to deliver integrated research and instructional support. Participates in the Medical Library’s Scholarly Communications and Open Access Special Interest Group. Under the direction of the Program Director for Collection Strategy and Scholarly Communication, assesses medical campus publishing activity to evaluate existing open access agreements and support the review, negotiation, and development of new transformative and other open access publishing agreements relevant to the medical campus community. Provides backup support to CWML collection development activities, as needed. Demonstrates ongoing professional development and service through publication and/or active membership in professional organizations. May be required to assist with disaster recovery efforts. May perform other duties as assigned. Required Education and Experience Master’s degree from an ALA‐accredited library school. In selected instances, a graduate degree in a related discipline may be substituted for a master’s degree in library science. Minimum of 2 years of experience working in an academic or health science library. Excellent oral, written, and interpersonal communication skills. Demonstrated ability to work both independently or collaboratively in a diverse team environment, and to effectively build partnerships and promote the library. Preferred Education, Skills, and Experience An understanding of current trends, challenges, and best practices in the scholarly communication ecosystem. Experience providing instruction, consultations, or outreach services in an academic or health science

Source: https://www.arl.org/job-posting/scholarly-communication-librarian/",ARL
Research Data Management Specialist,McGill University,,Academic,,,,2026-09-14,https://www.arl.org/job-posting/research-data-management-specialist-2/,"Research Data Management Specialist Research Data Management Specialist McGill University Job Location: Apply By: October 16, 2026 Date Created: 09/14/2026 The Research Data Management (RDM) Specialist supports the development and delivery of research data management services within the University. As a member of the McGill Libraries’ Research & Scholarship unit, the incumbent contributes to the Libraries’ broader mission of advancing research, teaching, learning, scholarly communication, and open knowledge initiatives. Working collaboratively across the Libraries, the position serves as an integral member of the Digital Research Services (DRS) team, a collaborative initiative of the Office of the Vice-Principal (Research and Innovation), the Libraries, and Information Technology, and contributes to initiatives that advance RDM services, digital scholarship, open science, and emerging research methodologies. For more information about the position and how to apply, please visit JR0000080513 Learn More » Related Documents There are no related documents for this job post.

Source: https://www.arl.org/job-posting/research-data-management-specialist-2/",ARL
Research Services Librarian for Science and Engineering,George Washington University Libraries & Academic Innovation,DC,Academic,,,,2026-09-14,https://www.arl.org/job-posting/research-services-librarian-for-science-and-engineering/,"Research Services Librarian for Science and Engineering Research Services Librarian for Science and Engineering George Washington University Libraries & Academic Innovation Job Location: Apply By: open Date Created: 09/14/2026 GWLAI seeks a collaborative and service-oriented Research Services Librarian for Science and Engineering to join the Research and User Services (RUS) department. RUS is a highly collaborative unit where librarians work together and responsibility for meeting the full range of student, faculty, and researcher needs across disciplines. This position plays a vital role in supporting interdisciplinary teaching, research, and publishing, with an emphasis on supporting the natural sciences, engineering, and data-intensive research fields. As an active member of the RUS team, the incumbent also provides research support, instruction, and collection development services to all areas of the university, including the First Year Writing program. GWLAI staff and librarians are champions of open access and support open scholarly communication and publishing practices, including the adoption and creation of open educational resources (OER). Librarians contribute to the scholarly community through research, professional engagement, and service. Learn More » Related Documents There are no related documents for this job post.

Source: https://www.arl.org/job-posting/research-services-librarian-for-science-and-engineering/",ARL
Associate Director/Head of Kenneth Spencer Research Library Public Services,University of Kansas,KS,Academic,Remote,,,2026-09-11,https://www.arl.org/job-posting/associate-director-head-of-kenneth-spencer-research-library-public-services/,"Associate Director/Head of Kenneth Spencer Research Library Public Services Associate Director/Head of Kenneth Spencer Research Library Public Services University of Kansas Job Location: Date Created: 09/11/2026 33709BR Associate Director/Head of Kenneth Spencer Research Library Public Services Libraries-General Position Overview This faculty position plays a lead role in bringing the outstanding collections of Kenneth Spencer Research Library (KSRL) to the world, and in bringing KU, Kansas, and the world to our library, virtually and in person. The Associate Director/Kenneth Spencer Research Library Head directs public services, instruction, and educational outreach, coordinating and collaborating with a group of dedicated colleagues. They best practices in primary source literacy, building a culture of assessment for instruction. They maintain public facing communications, oversee KSRL’s exhibit program, and work in partnership to promote the library on social media and through events and activities. Reporting to the Director, Kenneth Spencer Research Library / Executive Associate Dean for Distinctive Collections, this position supervises three staff members. KU Libraries advance research, teaching, and learning at the intersection of people and ideas. KSRL serves a wide range of users from K-12 students to visiting international researchers, welcoming over 5400 people in person in 2025, including over 700 researchers and 2100 KU student visits. The Stokstad Reading Room is open to the public and does not require appointments, and undertakes significant remote reference and digitization year round. KU’s excellence is a result of the rich tapestry of experiences, perspectives, and backgrounds of our faculty, staff, students, and colleagues from across our nation and the globe. At KU, we invest in continuous learning and growth by creating a climate where people engage in respectful dialogue and debate and support each other’s success. We foster a culture of care where each person is seen, heard and valued. When people feel a true sense of belonging, we believe they are better able to reach their full potential and achieve remarkable things. This position is subject to a collective bargaining unit between The University of Kansas and United Academics, that UAKU is the exclusive representative for the bargaining unit, and that it is their right to be a member or not be a member of a union without fear of personal or professional repercussions. The successful candidate must be eligible to work in the U.S. by the effective date of the appointment. This is a full-time, 12-month, tenure-track faculty position. Rank considerations are based on professional performance, research, and service experience sufficient to qualify for appointment at the rank of Assistant Librarian or Associate Librarian. See the Libraries Criteria for Academic Ranks document: http://policy.ku.edu/libraries/criteria-academic-ranks-library-faculty Additional information about the Libraries promotion and tenure procedures can be found at the following website: https://policy.ku.edu/ku-libraries/promotion-and-tenure-procedures-faculty Job Description Professional Performance: 45% Develops and implement policies and procedures for reference and access that balance security and preservation with a strong desire to remove barriers Manages a suite of tools to assist students and researchers in using our collections, including the library’s website, tutorials, and guides Serves on appropriate teams, task forces, and groups within the KU Libraries and KU. Participates in a variety of outreach events, special visits, and other relevant occasions, including occasional night and weekend commitments Works collaboratively as a member of project teams and other groups to advance the libraries’ strategic priorities Serves as public contact point for overall KSRL operations, and may work with media and donors to promote our collections, services, and programming Public Servi

Source: https://www.arl.org/job-posting/associate-director-head-of-kenneth-spencer-research-library-public-services/",ARL
"Senior Assistant Dean for Research, Learning, and Access Services",Binghamton University,NY,Academic,,,,2026-09-11,https://www.arl.org/job-posting/senior-assistant-dean-for-research-learning-and-access-services/,"Senior Assistant Dean for Research, Learning, and Access Services Senior Assistant Dean for Research, Learning, and Access Services Binghamton University Job Location: Apply By: Open until filled Date Created: 09/11/2026 Senior Assistant Dean for Research, Learning, and Access Services Binghamton University is experiencing a defining moment of momentum – record enrollment, national recognition as a “Public Ivy,” and a rapidly expanding research enterprise – and the Binghamton University Libraries are rising with it. The Libraries seek a dynamic, entrepreneurial forward-thinking leader to serve as the Senior Assistant Dean for Research, Learning and Access Services, a role established within the past year, the scope and structure of which are still taking shape. The successful candidate will partner with the Dean of Libraries to define priorities and working relationships as they unify and elevate the Libraries’ research, learning, and access functions. This is a rare opportunity to shape a role from the ground up: to build a shared vision across five major library units, to strengthen the Libraries’ standing as a strategic partner in the University’s research and teaching mission, and to help define what excellence in research, learning, and access services looks like at a growing R1 institution. The Senior Assistant Dean will join Andrea Falcone’s, the Dean of the Libraries, senior leadership team at a pivotal time, bringing not only deep expertise in academic libraries, but also the creativity, judgment, and collaborative instincts to build trust across a talented staff and imagine new possibilities for how the Libraries serve Binghamton’s students, faculty, and researchers. Binghamton University is located in Binghamton, NY, the Southern Tier of upstate New York. The University is committed to collaborative transdisciplinary research, inspirational artistic endeavors and high-impact educational experiences within an environment that advances diversity, equity and inclusion; international perspectives; and community engagement. A standout leader in public higher education, Binghamton University has transformed over its eight-decade history from a small, liberal arts college into a thriving and growing research institution. The University has 18,600 students, trailblazing faculty and state-of-the-art facilities. Binghamton has been ranked among the top 50 public universities in the nation by U.S. News and World Report for more than 20 years, currently ranked No. 34. In 2024, Forbes named Binghamton to its list of the “Top 10 Public Ivies” and in 2025, added Binghamton to its “Top 25 Public Colleges” list for the first time. The University is consistently the top-ranked university in the SUNY system in publications, including The Wall Street Journal. The Binghamton University Libraries provides research collections in electronic (over 2 million and growing) and (1.7 million items) formats with an extensive array of databases and e-packages (over 400), archival and distinctive printed materials in Special Collections as well as services with a variety of student-centered study spaces. With three public locations (Glenn G. Bartle Library, Science Library and the University Downtown Center Library) and an off-site Collections Management Facility, the aim is to provide access to primary research materials and resources befitting an R1 research institution. The Senior Assistant Dean leads goal setting, planning, prioritization, design, and monitoring of workflows across a broad portfolio of research, learning, and access services. This position oversees five major library units, builds relationships with internal and external partners, and advocates for new tools and procedures to improve efficiency and service to library users. Reporting directly to the Dean of Libraries, the Senior Assistant Dean is a key member of the senior administrative team, collaborating on strategic and operational goals and managing change. The role super

Source: https://www.arl.org/job-posting/senior-assistant-dean-for-research-learning-and-access-services/",ARL
Research Services Librarian for the Social and Political Sciences,George Washington University Libraries & Academic Innovation,DC,Academic,,,,2026-09-11,https://www.arl.org/job-posting/research-services-librarian-for-the-social-and-political-sciences/,"Research Services Librarian for the Social and Political Sciences Research Services Librarian for the Social and Political Sciences George Washington University Libraries & Academic Innovation Job Location: Apply By: open Date Created: 09/11/2026 GWLAI seeks a collaborative and service-oriented Research Services Librarian for the Social and Political Sciences to join the Research and User Services (RUS) department. RUS is a highly collaborative unit where librarians work together and responsibility for meeting the full range of student, faculty, and researcher needs across disciplines. This position plays a vital role in supporting interdisciplinary teaching, research, and publishing across the Social and Political Sciences with an emphasis on international affairs, political science, public policy, economics, and related fields. As an active member of the RUS team, the incumbent also provides research support, instruction, and collection development services to all areas of the university, including the First Year Writing program. GWLAI staff and librarians are champions of open access and support open scholarly communication and publishing practices, including the adoption and creation of open educational resources (OER). Librarians contribute to the scholarly community through research, professional engagement, and service. Learn More » Related Documents There are no related documents for this job post.

Source: https://www.arl.org/job-posting/research-services-librarian-for-the-social-and-political-sciences/",ARL
Web Services Librarian (Associate),Texas A&M University,TX,Academic,,,,2026-09-11,https://www.arl.org/job-posting/web-services-librarian-associate-3/,"Web Services Librarian (Associate) Web Services Librarian (Associate) Texas A&M University Job Location: Apply By: 10/06/2026 Date Created: 09/11/2026 This Librarian will play a key role in leading the administration of the SpringShare platform. The Web Services Librarian will oversee the full suite of Springshare applications, ensuring strong accessibility, quality assurance, and user support, while working collaboratively with Technology Services, the Discovery Systems Librarian, and the User Experience Librarian to continually improve the Libraries’ web portfolio. This role also provides training, troubleshooting support, and hands-on collaboration on a variety of web‑related projects, making it an exciting opportunity for someone who enjoys innovative problem‑solving and cross‑departmental partnerships. Opportunities to Contribute Lead the strategic assessment, enhancement, and management of the Libraries’ Springshare services. Oversee Springshare applications and library web platforms to ensure quality assurance, accessibility compliance, and strong systems support. Provide training, troubleshooting, and user support for library applications and web tools. Collaborate with Technology Services and campus partners to maintain, integrate, and improve digital services and supporting infrastructure. Work closely with colleagues in Discovery Systems and User Experience to advance and update the Libraries’ web portfolio. Support web and digital projects through all stages of the project lifecycle, from requirements gathering to deployment. Collect, analyze, and report usage data using tools such as LibInsights, Google Analytics, and APIs, and develop dashboards and documentation. Participate in departmental leadership, cross‑departmental collaboration, and committee service at the library, campus, state, or national level. Engage in ongoing professional development to incorporate new ideas and technologies into library services. Qualifications Required Education and Experience: Master’s degree in Library Science, Information Science, or Computer Science or equivalent combination of education and experience. 5 years of related experience. Learn More » Related Documents There are no related documents for this job post.

Source: https://www.arl.org/job-posting/web-services-librarian-associate-3/",ARL
"Director of Library Services, Harvard Kennedy School",Harvard University,MA,Academic,,,,2026-09-10,https://www.arl.org/job-posting/director-of-library-services-harvard-kennedy-school/,"Director of Library Services, Harvard Kennedy School Director of Library Services, Harvard Kennedy School Harvard University Job Location: Apply By: Open until filed Date Created: 09/10/2026 The Director of HKS (Harvard Kennedy School) Library Services leads the ongoing development of library services and collections supporting world-class research and teaching in public policy and government, working directly with Harvard Kennedy School stakeholders and with colleagues across Harvard Library, and is the senior leadership role for the HKS Library. The Director reports to the Chief Research Enablement Officer (CREO) as part of the research and library services department, and is a member of the CREO’s management team, along with the Director of Research Computing and Data Services, the Executive Director of Research Administration, the Manager of Community Engagement and Special Projects, and the Senior Administrative Coordinator. The Director works closely with the Vice President for the Harvard Library and University Librarian or delegates. The Director plays a central role in shaping a modern, research-driven library that integrates deeply into the School’s research and learning ecosystem and cultivates a welcoming, user-oriented environment for students, faculty, fellows and staff. Collaborating closely with other Harvard Library units, the Director oversees the HKS Library staff, collections, services, and space, ensuring the development, stewardship, and accessibility of resources that align with evolving faculty, student, and fellows research, teaching, and learning needs and expanding access to policy-relevant data and scholarship. The Director collaborates closely with other HKS research and library services teams such as Research Computing and Data, Research Compliance and Sponsored Awards, and academic leadership to support the full research lifecycle, with particular emphasis on discovery, data services, digital scholarship, open science and scholarly publishing. The Director champions innovation in library services, including the integration of emerging technologies, support for data-intensive research, and the evolving role of libraries in an AI-enabled research landscape. As a key partner to faculty, the Office of Communications and Public Affairs, and HKS research centers, the Director helps identify emerging information needs, supports interdisciplinary inquiry, and enhances the visibility and impact of HKS research outputs. The ideal candidate brings a strong record of leadership in university research libraries, experience managing services in a complex environment, and a collaborative approach suited to a highly networked, matrixed organization. Job-Specific Responsibilities: Provide strategic leadership in the ongoing evolution of library services, collections, and facilities that advance research, teaching and learning in public policy and government. Lead the HKS Library, overseeing teams that manage collection development (with a focus on e-resource licenses shared with other Harvard libraries, data, and other digital resources), research services (in-person and virtual consultations, academic integrity training, and support for research dissemination including research data management, digital scholarship, open science, copyright and publishing), course services (including course materials and instruction), and space utilization, working closely with university-wide library services and other libraries in the Harvard Library system and aligning local service delivery with university-wide standards, systems, and initiatives. Facilitate proactive engagements with the HKS community to ensure that library resources and services support and evolve with the changing research and teaching needs of the School and HKS community. Bolster internal and external communications regarding resources and services available to the faculty and students at the HKS. Partner with Harvard Library colleagues to further leverag

Source: https://www.arl.org/job-posting/director-of-library-services-harvard-kennedy-school/",ARL
Japanese Studies Librarian,The University of Chicago,IL,Academic,,,,2026-09-10,https://www.arl.org/job-posting/japanese-studies-librarian/,"Japanese Studies Librarian Japanese Studies Librarian The University of Chicago Job Location: Date Created: 09/10/2026 Description General Summary: The University of Chicago Library empowers users with deep and rich collections, extensive expertise, innovative programs, and diverse spaces. We are committed to cultivating an inclusive community, enhancing access to scholarly resources, advancing digital scholarship, engaging locally and globally, and excelling in a changing environment. Home to one of the most comprehensive and dynamic East Asian collections, the University of Chicago is an active partner and collaborator in both the Big Ten Academic Alliance and the Ivy Plus Libraries. The Library is seeking a collaborative, service-oriented, and forward-thinking individual for the position of Japanese Studies Librarian. The incumbent of this position manages the Japanese Studies collection and develops and delivers research services to a wide range of users across the University, as well as engages in community, to support new methods and innovations in research. The ideal candidate possesses skills and abilities to help transform collections, instruction, outreach, and reference and is creative in solving problems in a collaborative environment. Responsibilities: Reporting to the Director of the East Asian Collection, the Japanese Studies Librarian will perform the following duties, but not limited to: Serve as the Library’s primary expert and liaison for Japanese Studies, independently cultivating and sustaining relationships with students and faculty across departments, professional schools, and programs. Lead the development, promotion, preservation, and assessment of distinctive, interdisciplinary, multi-format, and intersectional Japanese studies collections that serve the wide-ranging needs of students and faculty. Design, deliver and assess a comprehensive program of research services, instruction, and outreach for Japanese Studies adapting to the shifting pedagogical and research needs across the university. Manage the Japanese Studies acquisition budget, making strategic allocation decisions and maintaining accountability for expenditures and vendor relationships Serve as the primary representative for the Library on Japanese Studies in the Big Ten Academic Alliance and the Ivy Plus Libraries, actively contributing to collaborative collection development initiatives and services innovations. Collaborate with subject librarians and digital scholarship units on complex, cross-functional initiatives involving Japanese language materials, contributing subject expertise and taking ownership of the Japanese Studies dimensions of those projects. Perform original and complex copy cataloging for Japanese language materials using national and local standards and serve as a local resource for cataloging questions involving Japanese language content. Actively participate in departmental, divisional and library-wide projects, initiatives, committees and task forces. Represent the Library externally through active engagement with professional organizations, consortia, and scholarly communities, and contribute meaningfully to the advancement of the profession through publications, presentations or leadership roles in relevant professional associations. Perform other duties as assigned. Qualifications Required: Master’s degree from an ALA-accredited institution of library and information science or advanced degree in a relevant academic discipline. Demonstrated native or bilingual proficiency in written and spoken Japanese and excellent oral and written communication skills in English. Demonstrated ability to work effectively, as part of a team and independently, in a culturally diverse and constantly changing environment. Demonstrated user-centered commitment to public service, including outreach and service excellence. Advanced knowledge of Japanese history, literature, and culture. Minimum 3 years of experience working in an aca

Source: https://www.arl.org/job-posting/japanese-studies-librarian/",ARL
Supervisory Librarian (VAR003371),Library of Congress,DC,,,,,2026-09-10,https://www.arl.org/job-posting/supervisory-librarian-var003371/,"Supervisory Librarian (VAR003371) Supervisory Librarian (VAR003371) Library of Congress Job Location: Apply By: 10/12/2026 Date Created: 09/10/2026 Opening Date : September 10, 2026 Closing Date : October 12, 2026 OPM Control Number : 884102700 Vacancy Number : VAR003371 LC Organization Unit : Discovery and Preservation Services Grade : GS-14 Series : 1410 Minimum Salary : $143,913.00 Maximum Salary : $187,093.00 Work Schedule : Fulltime; Flexitime Promotion Potential : GS-14 Duty Location : Washington, DC Security Clearance : Other Availability : Open to All Telework Eligibility : Local Telework This position is for a Supervisory Librarian and is located in Discovery and Preservation Services, Acquisitions and Bibliographic Directorate, German and Slavic Division, in the German Section. The incumbent of this position serves as Section Head and is responsible for managing the work, including acquisitions and cataloging functions, of the section, overseeing the work of a staff of librarians and library technicians performing these functions, and performing administrative and human resource management functions relative to the staff supervised. The incumbent serves under the administrative supervision of the division chief. The incumbent works highly independently, exercising considerable judgment, and carries out duties and responsibilities in accordance with broad overall guidelines and policies. Learn More » Related Documents There are no related documents for this job post.

Source: https://www.arl.org/job-posting/supervisory-librarian-var003371/",ARL
John T. Maltsberger III ’55 Assoc. University Librarian for Special Collections,Princeton University Library,NJ,Academic,,,,2026-09-08,https://www.arl.org/job-posting/john-t-maltsberger-iii-55-assoc-university-librarian-for-special-collections/,"John T. Maltsberger III ’55 Assoc. University Librarian for Special Collections John T. Maltsberger III ’55 Assoc. University Librarian for Special Collections Princeton University Library Job Location: Date Created: 09/08/2026 Position Summary Princeton University Library (PUL) seeks an accomplished, visionary, and collaborative leader to serve as the John T. Maltsberger III ’55 Associate University Librarian for Special Collections (AUL SC). This highly visible role offers a unique opportunity to shape the future of one of the world’s premier special collections programs. Reporting directly to the Dean of Libraries and serving on the Library Strategy Council, the AUL SC provides strategic and operational leadership for Princeton’s Special and Distinctive Collections, including exhibitions and public programming. The successful candidate will combine scholarly distinction with strong administrative acumen and a demonstrated ability to lead organizational change. PUL is one of the world’s leading research libraries, with over 300 staff and several specialized branches, supporting a diverse community of 5,500 undergraduates, 3,100 graduate students, 1,200 faculty members, and many visiting scholars. Further information: http://library.princeton.edu Primary Responsibilities: Strategic Leadership & Collections Oversight Define and implement a compelling vision and strategy for Princeton’s special and distinctive collections. Oversee collection development, stewardship, access, and instruction for rare and unique materials in both physical and digital formats. Lead approximately 60 staff across four major units Library-Wide Leadership Serve as a key member of the Library Strategy Council. Lead strategic portfolios for Special & Distinctive Collections and Exhibitions & Public Programming. Sponsor and guide cross-divisional initiatives aligned with library priorities. Exhibitions & Public Engagement Provide end-to-end leadership of the Library’s exhibitions program, including strategy, curation, scheduling, and budget. Deliver a dynamic, high-impact public programming portfolio that connects collections to teaching, research, and contemporary discourse. Expand the reach of collections through digital platforms and partnerships. Collaboration & External Relations Build strong partnerships with faculty to support research and teaching. Engage with campus partners, including research centers, the Princeton University Art Museum, and digital humanities initiatives. Represent Princeton nationally and internationally within the special collections community. Operational Excellence & Change Leadership Lead workflow modernization efforts to improve efficiency, access, and integration across the Library. Advance digitization, metadata, and preservation practices in partnership with IT and digital scholarship teams. Foster a culture of accountability, collaboration, and continuous improvement. Required Qualifications: Doctorate in library science or a relevant field. Minimum of 10 years of senior leadership experience in a research library, cultural institution, or similar organization. Strong record of scholarly achievement, including publications and presentations. Demonstrated success leading complex organizational and workflow change. Deep knowledge of special collections practices, including acquisitions, preservation, access, and digital initiatives. Experience leading institutional decision-making related to cultural heritage stewardship and provenance research. Proven ability to manage budgets, staff, and large-scale programs. Commitment to diversity, equity, inclusion, and broad access to collections. Excellent communication and relationship-building skills. Ability to navigate complex organizations and lead through ambiguity. Reading knowledge of relevant research languages. Preferred Qualifications: MLS from an ALA-accredited program. Experience with born-digital archives and digital special collections. Knowledge of preservation 

Source: https://www.arl.org/job-posting/john-t-maltsberger-iii-55-assoc-university-librarian-for-special-collections/",ARL
Metadata Librarian,University of Pittsburgh,PA,Academic,,,,2026-09-04,https://www.arl.org/job-posting/metadata-librarian-8/,"Metadata Librarian Metadata Librarian University of Pittsburgh Job Location: Apply By: 10/09/2026 Date Created: 09/04/2026 Metadata Librarian Resource Acquisitions and Discovery University Library System (ULS) University of Pittsburgh (Pitt) The Metadata Librarian is a Faculty Librarian in the University Library System (ULS) Resource Acquisitions and Discovery Department. The position reports to the Head of the Metadata and Discovery Unit, which specializes in descriptive, technical, administrative, and preservation metadata, with a focus on access, discovery, and stewardship of digital content created, hosted, or published by the ULS. The unit develops and implements metadata strategies, policies, and procedures for such metadata within the Library System and provides expert consultations to others at the University of Pittsburgh. Responsibilities: Facilitating standardization across metadata, including evaluating the quality of legacy metadata and enhancing/improving existing metadata based on current best practices. Bulk processing metadata for normalization, remediation, transformation, and enhancement. Developing scripts to extract, transform, and manipulate metadata. Applying appropriate schemas to create and manage descriptive, administrative, and preservation metadata for digital projects. Communicating metadata standards and providing documentation, guidance, and training to internal and external partners. Maintaining a current knowledge of relevant metadata standards and schemas and interpreting and applying those metadata standards for local purposes. Reviewing metadata workflows for inefficiencies and inconsistencies. Developing and documenting new workflows for efficiency/consistency. Representing ULS expertise in metadata to internal and external partners and seeking opportunities to collaborate with University of Pittsburgh faculty, staff, researchers, and students. Overseeing and supervising part-time student assistants, temporary employees, etc. on special projects or initiatives. A successful candidate for Metadata Librarian will have the following required qualifications: Master’s degree from an ALA-accredited library and information science program or another advanced degree in a relevant field. Familiarity with content management software (e.g. Drupal), digital library and/or repository platforms (e.g. Islandora, Hyku), and digital preservation platforms (e.g. Preservica). Knowledge and understanding of metadata and cataloging principles and best practices related to resource description, discovery, and digital preservation. Foundational understanding of the principles of controlled vocabularies, authority control, and NACO. Aptitude for complex, analytical work with attention to detail, demonstrated problem-solving skills, and flexibility. Strong commitment to user-centered library service and the ability to work flexibly and creatively in a changing and fast-paced environment with multiple stakeholders. The Metadata Librarian will be responsible for various aspects of metadata creation and management and will ideally have two or more of the following preferred skills: Developing metadata policies and workflows for digital collections, digital preservations, or institutional repositories. Creating and managing metadata in a library or similar setting. Applying metadata standards and schemas such as Dublin Core, MODS, METS, EAD, PREMIS, linked data, BIBFRAME, MARC, RDF, LCSH, LCNAF, AAT, and other emerging standards. Practical experience with batch metadata processing for normalization, remediation, transformation, and enhancement through scripting and programming (e.g., Python, PHP, R, XSLT, etc.) and data manipulation tools (e.g., MarcEdit, OpenRefine, etc.). Self-motivation, project management skills, and the ability to multi-task with various deadlines. Demonstrated ability to work independently, as well as collaboratively across library departments and with university and community partners. Effective

Source: https://www.arl.org/job-posting/metadata-librarian-8/",ARL
Head Archives and Special Collections,Western University,,Academic,,,,2026-09-04,https://www.arl.org/job-posting/head-archives-and-special-collections/,"Head Archives and Special Collections Head Archives and Special Collections Western University Job Location: Apply By: Open until filled Date Created: 09/04/2026 Head, Archives and Special Collections at the rank of Associate or Senior Archivist Western University Location: London, Ontario Department: Western Libraries Western Libraries invites applications for a strategic, collaborative, and innovative archivist at the rank of Associate or Senior Archivist to serve in the leadership role of Head, Archives and Special Collections for a term of up to five (5) years (renewable). This is a compelling and exciting opportunity to lead the re-imagining of Archives and Special Collections at Western Libraries. With one of the largest rare book and archival collections in Canada, including strengths in Canadian history and exploration, English, American, and Canadian literature, the history of science and medicine, business, art and music, built heritage, and significant Black history collections and Indigenous materials, the successful candidate will play a pivotal role in elevating the visibility, impact, and future direction of these exceptional holdings and in leading a skilled team of archivists, librarians, and staff. About Western University Western University delivers an academic experience second to none. Western challenges the best and brightest faculty, librarians, archivists, staff and students to commit to the highest global standards. Our research excellence expands knowledge and drives discovery with real-world application. Western attracts individuals with a broad worldview, seeking to study, influence and lead in the international community. Since 1878, The Western Experience has combined academic excellence with life-long opportunities for intellectual, social and cultural growth in order to better serve our communities. With annual research funding exceeding $300 million, and an international reputation for success, Western ranks as one of Canada’s top research-intensive universities. Our research excellence expands knowledge and drives discovery with real-world application. Western also provides an exceptional employment experience, offering competitive salaries, a wide range of employment opportunities and one of Canada’s most beautiful campuses. A bout Western Libraries Through our collections, services, and staff, Western Libraries enables research, teaching, and learning that have the power to change the world. As the academic commons of Western University, we provide the library and archival expertise and infrastructure required to cultivate and mobilize knowledge and accelerate excellence. Our Strategic Directions 2026-2028 provide priorities for the last two years of our strategic plan, Forward Together 2022-2028 . Together, they support the three themes of Western’s strategic plan, Towards Western at 150 : Greater Impact, People, Community, and Culture; and Western’s Place in the World. Western Libraries is deeply committed to equity, diversity, inclusion, decolonization, and accessibility. This includes building and providing access to collections that promote a diversity of voices and experiences, creating services that meet students and scholars where they are, and ensuring that our staff have opportunities for learning and growth. One of Canada’s leading research libraries, we are a member of the Ontario Council of University Libraries (OCUL), the Canadian Association of Research Libraries (CARL), the Association of Research Libraries (ARL), the Canadian Research Knowledge Network (CRKN), the Center for Research Libraries (CRL), and a proud partner in the OCUL Collaborative Futures Project. We also have relationships with ORCID, Hathi Trust, the Digital Research Alliance of Canada, SPARC, the Digital Preservation Coalition, the Library Publishing Coalition, and more. About Archives and Special Collections As one of Canada’s largest and most diverse collections of unique and rare materials, Archives and 

Source: https://www.arl.org/job-posting/head-archives-and-special-collections/",ARL
Nursing Informationist,Emory University,GA,Academic,,,,2026-09-02,https://www.arl.org/job-posting/nursing-informationist-2/,"Nursing Informationist Nursing Informationist Emory University Job Location: Date Created: 09/02/2026 Description Position Summary Reporting to the Head of Information Services, the Nursing Informationist builds partnerships with faculty, departments, and the School of Nursing to optimize the use of information for research, education, and patient care. To this end, the informationist identifies information needs of students, faculty, and staff in the School of Nursing. In response to these needs, the informationist 1) delivers in-depth reference, research and consultation services, 2) designs and provides instruction, 3) supports university research by participating in the systematic review team, 4) creates information products, digital tools, and services to enable users to locate, organize, and use information, and 5) identifies and recommends information resources for the library collection. In support of the greater user community of the library, the Nursing Informationist participates in the reference service by responding to requests from the Information Desk and the electronic on-demand reference service. Essential Responsibilities & Duties Reference and Research Assistance Responds to requests for mediated searches and in-depth reference requests using a variety of biomedical and social science databases and other specialized resources; delivers results in format appropriate for the user (focused search, saved search, descriptive report, EndNote library, etc.). Participates in providing reference service by responding to requests from the Information Desk and the electronic on-demand reference service (AskUs). Serves as a backup to Information Desk staff when they receive reference inquiries. Participates in systematic review services by designing reproducible literature searches and collaborating on data management and manuscript preparation. Consults with students, academic staff, and faculty through scheduled appointments to identify sources, develop research strategies, or review information management. Collaborates with clinical informationists to provide services to nurses and other practitioners at Emory Healthcare locations. Collaborates with other informationists to develop information products, digital tools, and services to facilitate on-demand use of information. Instruction and Outreach Identifies information needs and maintains outreach to faculty, academic staff, and students in the School of Nursing. Cultivates opportunities for collaboration with individual faculty and departments within the School of Nursing. Using a variety of technologies, develops and delivers instruction to build information processing competencies both within the School of Nursing and among curriculum and to enable students, faculty, and academic staff to be self-sufficient in their information seeking. Communicates regularly with department faculty, students, and academic staff to promote library resources, services, and events. Contributes and maintains content for the library website and blogs to support access to and use of information. Collection Development Maintains awareness of the curricular needs, teaching approaches, and research interests of faculty in the School of Nursing and makes recommendations to support those activities; identifies collection gaps based on requests received via reference requests, consultation, AskUs, research meetings, and listservs. Reviews and selects materials from profile plan. Manages library collections through participating in collection development review projects such as weeding the nursing collection. Contributes to content discovery by creating research guides relevant to subject areas. Professional Responsibilities Participate in professional and scholarly associations; maintain membership and accreditation; participate in meetings, conferences, and workshops; serve in appointed or elected positions. Maintain up-to-date professional knowledge and skills related to job responsibili

Source: https://www.arl.org/job-posting/nursing-informationist-2/",ARL
Special Collection Intern ( 2 ),United States Golf Association Museum & World Golf Hall of Fame,NJ,Public,,,,2026-09-01,https://www.arl.org/job-posting/special-collection-intern-2/,"Special Collection Intern ( 2 ) Special Collection Intern ( 2 ) United States Golf Association Museum & World Golf Hall of Fame Job Location: Date Created: 09/01/2026 The USGA is a mission-based golf organization whose purpose is to unify the golf community through handicapping and grassroots programs; to showcase the game’s best talent through the U.S. Open, U.S. Women’s Open and 13 other national championships and our museum; to provide unbiased global governance with The R&A through the playing, equipment and Amateur Status rules; and to advance issues important to golf’s future, with a focus on driving sustainability, accessibility and inclusion. As a nonprofit association, our work and our team are driven to act for the good of the game. The USGA’s headquarters are located in Liberty Corner, NJ, with a recently opened campus in Pinehurst, NC. For more, visit usga.org. About This Role The USGA Golf Museum and World Golf Hall of Fame seeks a recent graduate or currently enrolled student in Museum Studies, Library Science, Archival Studies, or a related field for a paid internship in the nation’s oldest sports museum. Founded in 1936, the USGA Golf Museum is the world’s leading institution for the collection, preservation, interpretation, and dissemination of golf history. Since 1936, the Museum has connected golfers, sports fans, and scholars with remarkable artifacts, documents, images, and stories that chronicle golf’s rich history. The Museum Collection comprises more than 85,000 cataloged objects documenting the history of golf from its origins to the present day, while the Library and Special Collections contain more than 500,000 cataloged items, including championship and personal archives, rare books, photographs, periodicals, institutional records, memorabilia, and other materials documenting the game from around the world. Together, these collections support exhibitions, research, scholarship, and public engagement through the USGA Golf Museum and World Golf Hall of Fame. The Museum and Library Intern will assist with numerous projects supporting the Museum Collection and Special Collections. The intern will gain valuable experience in several areas of collections care, archival processing, cataloging, digitization, research, and collections management through hands-on work with historic artifacts and archival materials. Interns can expect to make meaningful contributions to projects that improve the preservation, organization, accessibility, and documentation of collections. This internship is a unique opportunity to gain hands-on experience working with world-class collections while helping preserve and the history of golf. What You’ll Do Collections Care, Processing & Cataloging Assist with long-term collections projects, including the rehousing, organization, arrangement, description, and cataloging of museum artifacts and archival materials. Catalog materials within the Museum’s collections management system, TMS Collections, and assist in maintaining accurate and complete records. Develop familiarity with the TMS Record Style Guide and support the standardization of existing collection records. Support the movement, organization, and reshelving of materials across museum, library, and archival storage locations. Assist with receiving and releasing shipments, packing collection materials for transport, and completing condition reports. Ensure proper housing, storage, and handling of artifacts and archival materials. Support gallery and collections storage maintenance through climate monitoring, integrated pest management, and other preservation activities. Assist with additional collections management and processing projects as directed. Digitization & Collections Access Support the digitization of archival materials and collection assets. Assist with metadata creation and cataloging in TMS Collections and TMS Media Studio. Help improve the accessibility, discoverability, and documentation of collections throu

Source: https://www.arl.org/job-posting/special-collection-intern-2/",ARL
"Paul D. Lerner and Stephen Reis Director, ONE Archives",University of Southern California,CA,Academic,,,,2026-09-01,https://www.arl.org/job-posting/paul-d-lerner-and-stephen-reis-director-one-archives/,"Paul D. Lerner and Stephen Reis Director, ONE Archives Paul D. Lerner and Stephen Reis Director, ONE Archives University of Southern California Job Location: Apply By: Open until filled. Priority to applicants before September 30, 2026 Date Created: 09/01/2026 Learn More » Related Documents There are no related documents for this job post.

Source: https://www.arl.org/job-posting/paul-d-lerner-and-stephen-reis-director-one-archives/",ARL
Librarian for Romance Languages,University of Virginia,VA,Academic,,,,2026-08-27,https://www.arl.org/job-posting/librarian-for-romance-languages/,"Librarian for Romance Languages Librarian for Romance Languages University of Virginia Job Location: Apply By: Open until filled Date Created: 08/27/2026 The University of Virginia Library seeks a dynamic, collegial, and highly-skilled professional to serve as the Librarian for Romance Languages. As a member of the Arts and Humanities team, the successful candidate will serve as the liaison to multiple departments and programs, including the Department of Spanish, Italian & Portuguese; the Department of French; the Latin American Studies Program; and other areas as appropriate. The Librarian for Romance Languages will also work with library colleagues to support non-English language scholarship and resources across UVA’s schools and departments. This is an open-rank Academic General Faculty (AGF) position on the Library track. AGF Librarians are tenure-ineligible and receive three-year renewable appointments. For more information, see https://uvapolicy.virginia.edu/policy/PROV-004#Library_Track . Reporting to the Director of Research in the Arts & Humanities, the Librarian for Romance Languages will provide communication and outreach to faculty, students, fellows, and community scholars, cultivating strong partnerships and seeking opportunities for enhanced collaboration. They will provide research assistance to scholars at all levels and participate in digital scholarship projects in collaboration with faculty, students, and library colleagues. The Librarian will provide instruction in a variety of forms (course-related instruction, orientations, workshops, tutorials) and will engage with faculty to integrate information, digital, and data, and AI literacy concepts and skills into the curriculum. They will be responsible for working with the Collections Management team and the other liaisons to establish collection priorities for materials that support UVA’s foreign language and global studies programs, and will recommend specific purchases, maintain digital desiderata lists, and promote newly acquired resources. The Librarian for Romance Languages will engage in creative thinking and research projects (both structured and unstructured) to promote innovations in librarianship. They will be expected to participate in regional and/or national professional organizations related to academic librarianship and Romance language librarianship in particular. About the University of Virginia Library: The University of Virginia Library is here to ensure that the University community has the information it needs for teaching, research, and enrichment. Regularly ranked in the top quartile of ARL libraries, UVA Library has six locations, more than 220 staffers, and more than 100 student employees. Additionally, as a major research institution, the Library regularly collaborates with professional organizations such as the Virtual Library of Virginia (VIVA), Virginia Library Association, Association of College and Research Libraries, and others. The University of Virginia Library is committed to a culture of mutual respect, civility, inclusiveness, cooperation, mindfulness, accountability, and acceptance of individual differences. Departments and individuals are expected to work together, both in professional collaborations and in creating a culture where all can thrive. UVA Library is interested in reviewing candidates with a broad range of experiences, education, and qualifications. We are dedicated to building a dynamic workplace, so if you are excited about this role but your past experience doesn’t align perfectly with every preferred qualification in the job description, we encourage you to apply anyway. Anticipated hiring range: $65,000-$82,000. Review of applicants will begin September 25, 2026, and the position will remain open until filled. Qualifications Required Qualifications: A master’s degree in library or information science; OR a terminal degree in a field related to Romance languages and literatures along with appropriate e

Source: https://www.arl.org/job-posting/librarian-for-romance-languages/",ARL
Metadata Systems Librarian for Non-Latin Script Resources,University of Virginia Library,VA,Academic,,,,2026-08-26,https://www.arl.org/job-posting/metadata-systems-librarian-for-non-latin-script-resources/,"Metadata Systems Librarian for Non-Latin Script Resources Metadata Systems Librarian for Non-Latin Script Resources University of Virginia Library Job Location: Apply By: 09/14/2026 Date Created: 08/26/2026 The UVA Library is seeking a Metadata Systems Librarian for Non-Latin Script Resources in the Metadata and Discovery Services (MDS) department. This position develops, implements, and advances computational and semi-automated approaches for creating and enhancing bibliographic metadata for non‑Latin script resources, in alignment with the strategic priorities of the Scholarly Resource & Content Strategy (SRCS) division and the University of Virginia Library. This role collaborates closely with Library Information Technology professionals to design and support algorithmic workflows for transliteration, translation, and normalization of bibliographic titles in Arabic , Indic , Chinese, Japanese, and Korean (CJK) , and other non-Latin scripts. The Metadata Systems Librarian bridges Metadata librarianship and technical development, contributing to scalable and sustainable solutions for multilingual Metadata creation and discovery. The incumbent serves as a developer-adjacent metadata systems specialist, working across cataloging, metadata, and software development domains. This position develops and maintains expertise in cataloging principles, including MARC21, RDA, authority control, and parallel script representation, ensuring that computational approaches align with established bibliographic standards. In addition, this role demonstrates readiness for linked data and semantic metadata practices (e.g., RDF, BIBFRAME), supporting the library’s transition toward interoperable, web-based data environments. Job Responsibilities Metadata Systems Development & Algorithmic Workflows – 40% Collaborate with Library IT and development teams to design and support algorithms and semi-automated tools for generating and enhancing metadata for non‑Latin script resources. Develop, implement, and maintain metadata workflows for transliteration, translation, normalization, and romanization standards for bibliographic titles across multiple non-Latin scripts to support metadata quality, authority control, linked data integration, and multilingual resource discovery. Utilize scripting tools and software (e.g., Python) to process, transform, and analyze metadata Support development of systems that align vernacular script data with Romanized or translated metadata fields. Assist in testing and evaluating algorithmic outputs for accuracy, consistency, and alignment with cataloging standards. Metadata Management & Standards Integration – 30% Collaborate with cataloging and metadata staff to integrate machine-assisted metadata into bibliographic systems, including MARC21 records and non‑MARC schemas. Apply cataloging principles, including MARC21 structure, RDA, and authority control, to computational workflows. Assist in developing validation and quality control workflows for metadata creation Support cross-walking, mapping, and normalization of metadata across systems. Contribute to documentation of standards, workflows, and local practices. Collaboration & Cross ‑ Functional Engagement – 20% Work closely with Cataloging Librarians, Metadata Librarians, and IT professionals to identify priorities for multilingual Metadata creation. Provide expertise on non‑Latin scripts, transliteration standards (e.g., ALA‑LC Romanization), and multilingual discovery. Participate in planning improvements to metadata workflows and discovery systems. Communicate technical concepts to non-technical stakeholders and support collaborative problem-solving. Professional Activities – 10% Engage in professional development related to metadata systems, multilingual processing, and digital libraries. Contribute to experimental and pilot initiatives involving AI-assisted metadata generation Participate in national and international practice communities. Contribute documentati

Source: https://www.arl.org/job-posting/metadata-systems-librarian-for-non-latin-script-resources/",ARL
Librarian for Ancient Mediterranean and Hellenic Special Collections,Princeton University Library,NJ,Academic,Remote,,,2026-08-25,https://www.arl.org/job-posting/librarian-for-ancient-mediterranean-and-hellenic-special-collections/,"Librarian for Ancient Mediterranean and Hellenic Special Collections Librarian for Ancient Mediterranean and Hellenic Special Collections Princeton University Library Job Location: Date Created: 08/25/2026 Position Summary/Description Princeton University Library (PUL) seeks a knowledgeable, collaborative, and classroom-oriented librarian for this new position, which oversees the library’s Special Collections for the study of ancient Greece and Rome, Byzantium, and early modern Hellenic history and culture, as well as PUL’s collection of 120,000+ international numismatic objects. The librarian will be integral to instruction, research, and digital initiatives related to these materials and will work closely with the university’s Classics, Art and Archaeology, and History departments, the Princeton University Museum of Art, and the Stanley Seeger Center for Hellenic Studies, which supports Special Collections (SC) acquisitions related to Ancient and early modern Greece. The librarian will work closely with colleagues to steward, interpret, and provide access to PUL’s outstanding collections in these areas for undergraduate and graduate courses (overall, SC hosts 400 classes each academic year), as well as the international research community. They will facilitate discovery and use of the numismatic collection; engage diverse audiences through exhibitions, scholarship, and collection description; lead digital projects, which may utilize advanced imaging technology; and collaborate with colleagues and community partners to advance equitable collection practices. Numismatics work represents 50% of FTE; a core project will be to devise and implement a description strategy for the numismatics holdings within the first 3 years. This new, full-time position joins a highly collaborative curatorial team of six librarians in other fields and reports to the Assistant University Librarian for Special Collections, Rare Books and Manuscripts. The initial appointment will be for three years with the possibility of reappointment. Responsibilities include: Collaborates with Princeton faculty and PUL specialists on instruction Collaborates on curatorial acquisitions supporting the PUL’s educational and research mission Promotes donor relations and manages gifts Works with SC Public Services to provide on-site and remote reference Contributes to outreach activities, blogs, library publicity, and public events Develops and prepares content as part of an exhibitions team Partners with SC Technical Services on accessioning, cataloging, archival processing and description; attends to issues of ethical custodianship Collaborates with Preservation and safekeeping of SC materials Represents SC across campus, in professional organizations and on multi-institutional projects Conducts collection-based research for conferences and publications Qualifications Required Qualifications Advanced degree in humanities or social sciences field engaged with primary sources, such as History, Area/Cultural Studies, Classics, or Art & Archaeology Minimum three years of relevant work experience with special collections Excellent communication and presentation skills Demonstrated service orientation, initiative, flexibility, engagement in the wider academic community, and willingness to learn new curatorial approaches Ability to thrive in an expansive, changing, collaborative environment Preferred Qualifications MLIS or equivalent degree Familiarity with numismatics descriptive practices Five years of professional experience working with special collections Experience with original materials from the times and regions covered Experience making or advising relevant acquisitions Experience building relationships with stakeholders, including marginalized communities Working knowledge of multiple languages relevant to the collections, e.g., Ancient or Byzantine Greek, Latin, or Arabic Work location for this position is in-person on campus at Princeton University The successf

Source: https://www.arl.org/job-posting/librarian-for-ancient-mediterranean-and-hellenic-special-collections/",ARL
ONE Archives Director,University of Southern California (USC),CA,Academic,,,,2026-08-24,https://www.arl.org/job-posting/one-archives-director/,"ONE Archives Director ONE Archives Director University of Southern California (USC) Job Location: Apply By: Open until filled; application review will begin 09/30/2026 Date Created: 08/24/2026 Paul D. Lerner and Stephen Reis Director, ONE Archives University of Southern California POSITION SUMMARY The University of Southern California (USC) Libraries (Los Angeles, CA) seek an experienced, dynamic, and entrepreneurial leader to serve as Director of the ONE Archives at the USC Libraries. Reporting to the Associate Dean for Distinctive Collections, the Paul D. Lerner and Stephen Reis ONE Archives Director provides strategic and operational leadership for the ONE Archives, including its archival collections, art holdings, and public facing programs. The Director oversees staff and daily operations across archival, curatorial and education initiatives, while supporting fundraising efforts, grant development, institutional partnerships, and community engagement. The Director also serves as a key public representative of the ONE Archives through outreach, media, and collaborative projects. We value qualified candidates who are motivated to develop transformative library services and programs; who are invested in the future of librarianship; and who are creative in identifying and solving problems within a collaborative environment. The successful candidate must be knowledgeable of current relevant library and archival trends and practices and be able to apply this understanding to make a significant, positive impact on the USC community. The ideal candidate will be a thoughtful and collaborative leader with a deep commitment to LGBTQ+ histories, building impactful research collections, and community engagement. They will bring experience working across archival, curatorial, and public programming contexts, with an ability to navigate both academic and community-based environments with care and integrity and they will be attentive to the ethical responsibilities of stewarding community archives. They will be both strategic and engaged in day-to-day operations, able to guide long-term vision while supporting staff and programs and will approach the role with a commitment to access, representation, and serving diverse audiences. They will uphold the unifying values of the University. USC Libraries USC Libraries faculty and staff work to advance consequential engagement with our academic and arts communities. We are committed to USC’s unifying values of accountability, integrity, excellence, open communication, well-being, and community as we support the university’s students, faculty, and staff. USC Libraries take pride in our Digital Library, the Sidney Harman Academy for Polymathic Study with its Ahmanson Lab, our data and visualization services, and the library’s strong primary source collections including LGBTQ+ history and culture, particularly relating to West Coast activities and activism; the history of Los Angeles and Southern California; Cinematic Arts; and the Holocaust and genocide and exile studies. For more information on how our libraries support critical, creative, and ethical habits of mind at USC, visit the USC Libraries website . Visit USC’s website for information about our students, academic programs, campuses, and research. ONE Archives at USC Libraries ONE Archives at the USC Libraries is the largest repository of Lesbian, Gay, Bisexual, Transgender, Queer (LGBTQ+) materials in the world. Founded in 1952, ONE Archives houses millions of archival items including periodicals, books, film, video and audio recordings, photographs, artworks, organizational records, and personal papers. ONE Archives has been a part of the University of Southern California Libraries since 2010. The mission of the ONE Archives is to collect, preserve, and make accessible LGBTQ+ historical materials while promoting new scholarship and increasing public awareness of queer histories through programs, exhibitions, and collaborative partnershi

Source: https://www.arl.org/job-posting/one-archives-director/",ARL
Curator of Manuscripts and University Archives,University of Vermont,VT,Academic,,,,2026-08-20,https://www.arl.org/job-posting/curator-of-manuscripts-and-university-archives/,"Curator of Manuscripts and University Archives Curator of Manuscripts and University Archives University of Vermont Job Location: Apply By: 09/21/2026 Date Created: 08/20/2026 Curator of Manuscripts and University Archives The University of Vermont Libraries seeks a curious, adaptable, and highly collaborative faculty librarian/archivist to oversee development and stewardship of manuscript and archival collections within the Silver Special Collections Library. Under the direction of the Director of Special Collections, the Curator of Manuscripts and University Archives works closely with departmental colleagues to ensure that collections are sustainably acquired, ethically stewarded, easily discoverable and actively utilized. The Curator builds and sustains relationships with donors, campus partners, community groups, and other stakeholders. They lead the development of departmental policies to shape collecting and processing priorities and supervise two staff processing archivists. The Curator of Manuscripts and University Archives oversees extensive manuscript holdings as well as the University Archives, together totaling more than 24,000 linear feet of material. The collections include personal papers, account books, diaries, scrapbooks and church, school, town, military, court and organizational records dating from the 1770s to the present, including records of the university dating to its founding in 1791. Collections comprise a variety of physical and digitized/born-digital formats and include material of intense local and regional value as well as collections of national and global significance. The collection is especially strong in the following areas: politics, literature, architecture, social history, religion, education, theater and music, business and labor, transportation, and land surveys. The ideal candidate is passionate about building relationships and excited by the opportunity to have a substantial impact on preserving local and regional history in Vermont. Responsibilities: Collections Development and Stewardship: Shape and refine collection development priorities, evaluate existing collections (including the 30-40% of collections that are undescribed), and oversee appraisal and disposition. Steward collections across formats, moving fluidly between physical and digital content. Responsibly grow the collections, including University Archives, in line with professional principles and institutional priorities. Develop a keen understanding of the state’s cultural heritage network, including the collecting areas of peer institutions. Relationship Building: Effectively and empathetically engage with a wide range of stakeholders around the state, building sustained relationships with donors, campus departments and student groups, and individuals and community groups in Vermont. Represent the University and its collections and communicate the Special Collections Library’s mission and value to internal and external audiences. Internal Collaboration: Cultivate a culture of collaboration, working closely with other key positions within the Special Collections department to develop, manage and promote the collections. Develop positive working relationships with the Libraries and University facilities staff, the Libraries Access Technology and Media Services, Information and Instruction Services, and Communications teams. Partner with the University of Vermont Foundation and Alumni Affairs to promote collections and services. Description and Discovery: Hold oversight and responsibility for description and discovery of manuscript and archival collections. Supervise and coordinate the work of staff processing archivists to meet departmental goals regarding accessioning, physical processing, and intellectual access to all collections. As a member of the digital collections team, contribute curatorial insight to establish digitization priorities. Teaching and Instruction: Engage with the department’s instructional program

Source: https://www.arl.org/job-posting/curator-of-manuscripts-and-university-archives/",ARL
Deputy Dean of Libraries,Princeton University,NJ,Academic,,,,2026-08-11,https://www.arl.org/job-posting/deputy-dean-of-libraries/,"Deputy Dean of Libraries Deputy Dean of Libraries Princeton University Job Location: Date Created: 08/11/2026 Overview Princeton University Library (PUL) seeks an accomplished, collaborative, and visionary leader to serve as its next Deputy Dean of Libraries . As the Dean’s principal strategic partner and advisor, the Deputy Dean plays a pivotal leadership role in shaping the future of one of the world’s premier research libraries. Reporting directly to the Dean of Libraries and Robert H. Taylor 1930 University Librarian, the Deputy Dean provides strategic leadership, operational oversight, and organizational coordination across the Library. The Deputy Dean is responsible for advancing institutional priorities, strengthening organizational effectiveness, and fostering partnerships both within Princeton University and across the broader national and international research library community. Additionally, the Deputy Dean oversees four key areas: Assessment and User Experience; Content Access, Metadata, and Fulfillment; Physical Projects and Space Planning; and Communications. The Deputy also serves as Chair of the Library Administration Team (LAT), supporting operational coordination across the Library’s senior leadership structure, highlighting synergies, and fostering cross-departmental collaboration and innovation. Applicants are requested to include a cover letter with their application. Responsibilities Strategy and Planning Synthesize complex and competing priorities into actionable recommendations and decision-making frameworks. Lead the development, interpretation, and implementation of strategic priorities that support the Library’s long-term sustainability and impact. Represent and advocate for PUL’s perspectives in University-wide planning and decision-making forums. Identify emerging risks, organizational challenges, and strategic opportunities. Facilitate cross-functional collaboration and alignment across Library divisions. Build and sustain productive, collaborative relationships with University leaders, faculty, and external partners. Sponsor and lead strategic, cross-divisional initiatives. Operational and People Leadership Lead and develop approximately 100 staff members through a team of directors and managers in four key departments: Assessment and User Experience; Content Access and Metadata Services; Physical Projects and Space Planning; and Communications. Lead and ensure effective operational planning and business continuity preparedness. Foster a culture of collaboration across PUL, strengthening organizational resilience and operational capability across departments. Develop and promote high-performing, user-centered services that advance the Library’s mission. Decision-Making and Organizational Development Help ensure that the Library’s governance structures are both efficient and representative of its mission, vision, and staff Oversee ethical stewardship of Library and patron data. Lead the Library’s accessibility program across physical and digital environments. Leverage Assessment and User Experience data to inform strategic decision-making based on PUL’s operational needs. Partner with Library and campus leaders to align the Library’s value and impact with needs of faculty and students External Representation Build and maintain relationships with peer institutions and professional organizations. Represent and advance the interests of PUL at regional, national, and international meetings and conferences. Foster strategic collaborations within organizations such as the Ivy Plus Library Confederation, Association of Research Libraries, Coalition for Networked Information, and related communities. Participate in university committees and working groups related to operational excellence, accessibility, assessment, and strategic initiatives. Qualifications Master’s degree in Library and Information Science from an ALA-accredited program or a master’s degree in a related field. Minimum of ten years of pr

Source: https://www.arl.org/job-posting/deputy-dean-of-libraries/",ARL
Acquisitions Librarian,LSU Libraries,LA,Academic,,,,2026-08-11,https://www.arl.org/job-posting/acquisitions-librarian-4/,"Acquisitions Librarian Acquisitions Librarian LSU Libraries Job Location: Apply By: 02/03/2027 Date Created: 08/11/2026 The Acquisitions Librarian is responsible for all resource acquisitions operations for LSU Libraries. The Acquisitions Librarian will oversee efficient strategies and methodologies for obtaining and processing new and electronic resources and content for both monographic and serial resources. This position will also foster partnerships with other library colleagues involved in collection development, budgeting, and resource discovery and access. The Acquisitions Librarian has overall responsibility for disbursement of the Libraries’ acquisitions budget, working closely with the Head of Collection Services on budget administration and analysis. Provides supervision and guidance to unit staff, including training and professional development support. The Acquisitions Librarian regularly evaluates work methods and workflows considering new services and technological advancements to strengthen operations and purchasing relationships through innovative acquisition strategies and solutions. The Acquisitions Librarian initiates and maintains relationships with booksellers, subscription agents, and content providers. Responsibilities: 60% Acquisitions: Coordinate the ordering, receiving, and invoicing of and electronic resources, including monographs, serials, databases, and streaming media. Ensure compliance with LSU and state procurement policies and maintain accurate acquisitions records in the library management system. Collaborate with Administrative Services to monitor and reconcile fund balances, review expenditures, and track budget allocations. Serve as liaison with vendors, publishers, and subscription agents to facilitate purchasing and resolve billing issues. Responsible for the accuracy and integrity of the acquisitions management information system. Maintain and update acquisitions workflows, documentation, and statistics; identify areas for improvement and propose solutions. Resolves complex acquisitions problems and applies knowledge of current issues and trends in acquisitions, scholarly communications, and the publishing industry to improve services. In collaboration with the Director of Collection Services, monitors library materials expenditures. Develops/analyzes statistical and financial data and prepares reports for Director of Collection Services, subject librarians and the Library administration. 15% Assessment: Assists the Head of Collection Services in the collection, analysis, and presentation of acquisitions data for annual reporting, audits, and strategic collection planning. Support subject librarians by providing data and analysis on fund use, expenditure trends, and cost-per-use information. Stay informed of trends and best practices in acquisitions, scholarly publishing, and open access business models. 10% Supervision & Staff Development: Supervise and mentor staff within the Collections and Resource Strategies department, setting performance goals and providing regular evaluations. Identify training and professional development needs to ensure staff maintain current knowledge of collection trends, tools, and practices. 10% Performs service to the libraries, university, and/or profession. 5% Performs other duties, as assigned. Minimum Qualifications: Master’s degree in Library & Information Science from an ALA-accredited program. 3 years related working experience and 1 year of supervisory experience. Experience with acquisitions, electronic resources, serials, collection development, procurement, or finance in higher education or libraries. Experience with library services platforms such as SirsiDynix, Alma, GOBI, OCLC Connexion, or OCLC Worldshare. Preferred Qualifications: Knowledge of acquisitions functions including monographic ordering, approval plans, licensing, renewals for and e-resources, invoicing, and accounting for library collection resources. Experience with library fi

Source: https://www.arl.org/job-posting/acquisitions-librarian-4/",ARL
Director of Collections Services,LSU Libraries,LA,Academic,,,,2026-08-11,https://www.arl.org/job-posting/director-of-collections-services/,"Director of Collections Services Director of Collections Services LSU Libraries Job Location: Apply By: 02/07/2027 Date Created: 08/11/2026 Reporting to the Head of Collection Services and Open Scholarship the Director of Collections Services provides strategic leadership for LSU Libraries’ collections, advancing the Libraries’ mission to support the University’s teaching, research, and learning through innovative, sustainable, and user-centered collection strategies. This role integrates evolving collection models, budget planning, and assessment practices to align with the Libraries’ strategic priorities. They oversee collection development, assessment, and stewardship of physical, digital, and open-access resources, ensuring alignment with institutional priorities, fostering data-driven decision-making, and championing sustainable, user-centered models in library collections. They work closely with library units and academic departments to guide renewal, selection, and retention decisions, ensuring a sustainable and relevant collection. They explore innovative approaches to collection development, analyze financial and usage data, and refine policies to ensure fiscally responsible decision-making. Responsibilities: 40% Collection Strategy: Provide vision and direction for the development and stewardship of research collections. Collaborate with the Head of Collections & Open Scholarship, subject librarians, faculty, and campus stakeholders to ensure collections align with evolving institutional priorities. Develop and implement policies, procedures, and guidelines for lifecycle management of resources in all formats. Negotiate pricing and content with publishers and vendors, using data-driven assessments to maximize impact and cost-effectiveness. Manage vendor relationships to ensure quality service and strategic acquisitions. Coordinate with internal selectors and vendors on approval plans. Represent LSU Libraries in consortia discussions, system-wide committees, and national and regional networks to assess collaborative agreements and emerging best practices. 30% Data, Assessment & Budget Strategy: Leads assessment initiatives to measure the value, use, and impact of collections. Stays informed of best practices and emerging methodologies in collection assessment. In collaboration with the Head of Collections & Open Scholarship, oversees the development of a comprehensive data analysis strategy to support collection assessment and data-informed decision-making, including the creation of analytics, dashboards, and benchmarking tools to monitor usage, cost, return on investment, and trends across peer institutions. Collaborates with Administrative Services and the Associate Dean of Public & Collection Services on budget forecasting, allocation, reallocation, cost‐benefit analysis, and long-term sustainability of collection investments. Compile and submit required reports ensuring accuracy and timeliness. 20% Supervision & Staff Development: Supervise and mentor staff within the Collections and Resource Strategies department, setting performance goals and providing regular evaluations. Identify training and professional development needs to ensure staff maintain current knowledge of collection trends, tools, and practices. Encourage a culture of innovation, collaboration, and shared responsibility among the team. 10% Service: Performs service to the libraries, university, and/or profession. Minimum Qualifications: Master’s, MLIS/MLS from an ALA-accredited institution. 5 years of supervisory or leadership experience. Progressively responsible experience in academic or research library collection development, acquisitions/licensing, metadata/cataloging, or resource management. Demonstrated experience in budget management, data‐driven decision making, and analytics in a library collections context. Experience with integrated library systems (ILS) or library services platforms (LSP), and familiarity with metadata/cataloging stan

Source: https://www.arl.org/job-posting/director-of-collections-services/",ARL
Research Data Analysis Librarian,University of Kentucky Libraries,KY,Academic,,,,2026-08-11,https://www.arl.org/job-posting/research-data-analysis-librarian/,"Research Data Analysis Librarian Research Data Analysis Librarian University of Kentucky Libraries Job Location: Apply By: Open until filled Date Created: 08/11/2026 Work Location Lexington, KY Type of Position Faculty Position Time Status Full-Time Tenure Track Status Tenure Track Required Education Master’s degree in Library and Information Science from an ALA-accredited program by start date or a relevant, advanced degree. Required Related Experience Experience working with data such as analysis, visualization, or wrangling in a professional or academic setting using any of (but not limited to) the following tools: REDCap, Python, R, Qualtrics, SAS, SPSS, NVIVO, Stata, or MATLAB. Required License/Registration/Certification N/A Job Summary University of Kentucky Libraries is vital to fulfilling the goals of enhancing and expanding the university’s research enterprise, and we are seeking a Research Data Analysis Librarian to strengthen and expand UK Libraries’ research data services, particularly in data refinement, analysis, and visualization. This position is part of Digital Scholarship and Data, a collaborative department with expertise in research data management, digital scholarship, scholarly communication, and GIS. Serving all academic disciplines, the Research Data Analysis Librarian supports robust, reproducible, and impactful research across campus by providing expertise in data analysis methods and workflows, while also engaging with emerging approaches, including the responsible use of artificial intelligence in research and scholarship. Responsibilities ● Provides data analysis instruction, workshops, and consultations for students, faculty, and researchers across disciplines, supporting both qualitative and quantitative methods. ● Develops and shares best practices for data refinement, analysis, visualization, and modeling, with an emphasis on reproducibility and responsible research workflows. ● Supports the use of tools, programming environments, and emerging technologies, including AI-enabled approaches, that enhance data analysis and research processes. ● Collaborates with subject liaisons and campus partners to provide responsive and customized data-related instruction. ● Actively engages with research coordinators and early career researchers to build capacity for responsible data practices. ● Remains current on trends and issues related to digital scholarship, scholarly communication, and open scholarship, particularly in the context of research data. Shares advancements with colleagues on campus and within the profession through scholarship and service. Required Qualifications ● Master’s degree in Library and Information Science from an ALA-accredited program by start date or a relevant, advanced degree. ● Experience working with data such as analysis, visualization, or wrangling in a professional or academic setting using any of (but not limited to) the following tools: REDCap, Python, R, Qualtrics, SAS, SPSS, NVIVO, Stata, or MATLAB. ● Demonstrated ability to learn and apply new tools and methods, including emerging data and AI technologies. ● Excellent communication and interpersonal skills, both written and oral. ● Ability to work independently and collaboratively in a team environment. ● Ability to meet the requirements of tenure. Preferred Qualifications ● Experience providing instruction or consultations related to data analysis or research methods. ● Familiarity with a range of data analysis tools and workflows. ● Experience working in an academic or research environment. ● Awareness of ethical, legal, and practical considerations in the use of data and AI in research. This position participates in planning, shared governance, and UK Libraries-wide faculty activities. This is a full-time, 12-month, tenure eligible position in the Librarian Title Series (open rank) which requires scholarship, professional development, and service that contributes to the effectiveness of UK Libraries, the universit

Source: https://www.arl.org/job-posting/research-data-analysis-librarian/",ARL
"Director, Access and Instructional Services",Emory University,GA,Academic,,,,2026-08-04,https://www.arl.org/job-posting/director-access-and-instructional-services/,"Director, Access and Instructional Services Director, Access and Instructional Services Emory University Job Location: Date Created: 08/04/2026 Director, Access and Instructional Services Description Position Summary Reporting to the Associate University Librarian for Research, Engagement, and Scholarly Communications, the Director, Access & Instructional Services provides leadership, vision, and strategic planning to ensure access to library resources, the effective management of information literacy and engagement programs, and support for student learning and success. The Director oversees a portfolio of user services, including Access Services (circulation, interlibrary loan, document delivery, course reserves, and reference), in addition to Instruction and Engagement, supervising three department heads and twelve indirect reports. As a member of the Research, Engagement, and Scholarly Communications Division leadership team, the Director contributes to strategic and annual planning, including the development and implementation of major initiatives and oversight of services, policies, programs, resource allocation, and human resource management. Essential Responsibilities & Duties Administration Develops, leads, and coordinates User Services, Interlibrary Loan and Reserves, and Instruction and Engagement teams through overall administration and continuous improvement of their respective services, based on strategic priorities, analysis of user needs, and knowledge of professional best practices. Services include coverage of key service points, reference, resource sharing, research assistance, instruction, and outreach. Sets priorities and long-term planning for the three teams in the department. Leads organizational change initiatives, including service model evolution, space transformation, and adoption of new technologies to enhance user experience. Identify, develop, recommend, and implement programs and policies in collaboration with appropriate partners Works collaboratively to develop and implement assessment strategies to measure service effectiveness, student learning outcomes, and user engagement Administer budget and manage resources within the three teams. Coordinates across the libraries at Emory to develop and manage workflows and services among units Keeps abreast of and participates with national and international external groups focusing on relevant areas. Analyzes and communicates trends Performs other duties as assigned. Managerial Responsibilities Works closely with the AUL for Research, Engagement, and Scholarly Communications (RESC) and the Director of Collections and Open Strategies to lead RESC’s eleven teams. Directly supervises 3 FTE librarians: Head of Instruction and Engagement, Head of Interlibrary Loan & Course Reserves, and Head of User Services. Helps coordinate recruiting, hiring, orientation, training, supervision, evaluation, and development of staff and student employees Coach, mentor and counsel both direct and indirect reports Ensure effective communication with department staff and library users about library programs and initiatives Professional Responsibilities Participate in professional and scholarly associations; maintain membership and accreditation; participate in meetings, conferences, and workshops; serve in appointed or elected positions Maintain up-to-date professional knowledge and skills related to job responsibilities and current trends in higher education, academic libraries, and information technology Adhere to guidelines in the Emory Handbook Governing the Librarian series for Faculty-Equivalent Librarians regarding appointment, renewal, and promotion Participate in library and campus committees Qualifications Required Qualifications ALA-accredited master’s degree in library and information science OR equivalent education and experience. Minimum five years of experience in a college, university, or research library, including reference and instruction, and demonstrated

Source: https://www.arl.org/job-posting/director-access-and-instructional-services/",ARL
Director of the Francis A. Countway Library of Medicine,Director of the Francis A. Countway Library of Medicine,MA,Academic,Onsite,,,2026-07-31,https://www.arl.org/job-posting/director-of-the-francis-a-countway-library-of-medicine/,"Director of the Francis A. Countway Library of Medicine Director of the Francis A. Countway Library of Medicine Director of the Francis A. Countway Library of Medicine Job Location: Date Created: 07/31/2026 Director of the Francis A. Countway Library of Medicine Company Description: By working at Harvard University, you join a vibrant community that advances Harvard’s world-changing mission in meaningful ways, inspires innovation and collaboration, and builds skills and expertise. We are dedicated to creating a diverse and welcoming environment where everyone can thrive. Why join Harvard Medical School? Harvard Medical School’s mission is to nurture a diverse, inclusive community dedicated to alleviating suffering and improving health and well-being for all through excellence in teaching and learning, discovery and scholarship, and service and leadership. You’ll be at the heart of biomedical discovery, education, and innovation, working alongside world-renowned faculty and a community dedicated to improving human health. This is more than a job – it’s an opportunity to shape the future of medicine. About the Francis A. Countway Library of Medicine: Countway Library of Medicine is one of the largest academic medical libraries in the world and a core resource for clinical medicine, biomedical sciences, dentistry, and public health. Countway Library benefits from its role as an important part of the Harvard Library, the world’s largest academic library. Through its Center for the History of Medicine, Countway stewards internationally renowned historical and rare collections, including the Archives and Records Management Program for the Harvard medical area and the Warren Anatomical Museum Collection. Countway advances education and research through curricular services and deep expertise in evidence-based practice, research data management, and scholarly communication. It champions open knowledge and open access to collections in support of education, research, teaching, community building, and professional development. Countway is deeply embedded in the medical, dental, and public health curricula. Librarians and archivists provide individual research consultations and teach courses and workshops-onsite and virtually-on topics such as evidence searching, analysis and synthesis, research data management, and presentation skills. The Center for the History of Medicine supports global scholarship through rare books, archives, artifacts, and audiovisual materials, with strengths across numerous clinical and public health domains and a particular focus on Harvard’s own medical and public health history. A multi-phased, multi-million-dollar renovation completed in 2023 transformed Countway into a contemporary, technology-enabled, biophilic learning environment. The library offers expanded collaboration and individual study spaces, classrooms, event venues, and wellness areas, and has received multiple architectural awards, including recognition from the American Library Association and the Boston Preservation Alliance. Application Process: Applications will be reviewed by the Search Committee. Confidential review of applications, nominations, and expressions of interest will begin immediately and continue until the position is filled. Although the position will remain posted until filled, applicants are strongly encouraged to apply by the end of the day on Friday, September 4th, 2026. Job Description: Harvard Medical School (HMS) and Harvard Library seek an accomplished, forward‑looking executive to serve as Director of the Francis A. Countway Library of Medicine, the biomedical research library of Harvard University. The Director leads the development of library services for the health and biomedical sciences at Harvard, partnering directly with the Harvard Medical School, the Harvard T.H. Chan School of Public Health, the Harvard School of Dental Medicine, and an extensive network of affiliated hospitals and research institutes, and 

Source: https://www.arl.org/job-posting/director-of-the-francis-a-countway-library-of-medicine/",ARL
"Instruction Assistant, Special Collections",Boston University,MA,Academic,,,,2026-07-29,https://www.arl.org/job-posting/instruction-assistant-special-collections/,"Instruction Assistant, Special Collections Instruction Assistant, Special Collections Boston University Job Location: Apply By: Open until filled Date Created: 07/29/2026 The Boston University Libraries seek an Archives Instruction Assistant for a 3-year grant-funded instruction program in the Howard Gotlieb Archival Research Center within Boston University Libraries. This position’s responsibilities include assisting Research and Instruction Archivists with planning, preparation, and hosting undergraduate class visits to the archives. It also includes providing day-of support (during Registrar scheduled class times which can be outside of the centers operational hours which are 8-5) for instruction sessions with faculty, including moving and tracking material to and from collection storage. Additionally, this position provides research support by seeking examples of material in collections that might be useful to highlight in a teaching and learning context, helping faculty build class assignments, and light collection description to aid research. A successful candidate will also work with Instruction Archivists to support the creation of Learning Resources Repository objects for future classroom use. The grant is focused on increasing undergraduate student engagement with the archives of select civil and human rights leaders at BU. Reporting to the Research and Instruction Archives, the assistant will be a key collaborator supporting the archival instruction program and research initiatives. The incumbant will manage the logistics of class visits, including coordinating with archivists on bookings, scheduling, collections requests, and room setup, while helping faculty and students navigate our collections and reading room policies. Responsibilities include assisting with instruction assessment, tracking class visits and trends to inform program development. Occasional evening and weekend availability may be required. Beyond classroom support, the assistant will work closely with graduate research assistants, faculty, and our research and instruction teams to identify collection materials that align with course objectives. Using finding aids and research guides, the assistant will identify relevant materials and maintain topical resource lists for future classes. The role contributes to creating engaging learning objects, including worksheets, videos, tutorials, and other instructional materials and ensure these tools are discoverable across our course management systems, website, and other platforms. This role offers an excellent opportunity to support student learning and faculty research while deepening your knowledge of archival work. Required Skills: Bachelor’s degree. One to three years of relevant experience. Excellent oral, written, and interpersonal communication skills. This is a grant-funded 3-year position. For consideration, please submit a cover letter, CV, and list of professional references. The position will remain open until filled. Learn More » Related Documents There are no related documents for this job post.

Source: https://www.arl.org/job-posting/instruction-assistant-special-collections/",ARL
Head of Library Experience,Boston University,MA,Academic,,,,2026-07-29,https://www.arl.org/job-posting/head-of-library-experience/,"Head of Library Experience Head of Library Experience Boston University Job Location: Apply By: Open until filled Date Created: 07/29/2026 The Boston University Libraries seek a highly collaborative and effective leader to join the libraries as the Head of Library Experience leading all facets of the library experience program including information literacy, student engagement and reference services. A member of the Academic Engagement Leadership Team and BU Libraries’ Leadership Team, this role reports to the Associate University Librarian for Academic Engagement and Special Collections and provides strategic and operational leadership of our scaffolded information literacy program, learning-object development, campus partnerships across academic and student services informing library orientation programs, student engagement, inclusion initiatives, and community‑building. The incumbent leads program assessment and data‑informed continuous improvement to ensure equitable access to library experience programming, and measurable student success, demonstrably connecting library resources to student life and curricular goals. The Head supervises and mentors the Library Experience Manager and the Library Experience Coordinator and serves as the liaison to the College of General Studies and Kilachand Honors College. Strong candidates will bring expertise in information literacy that spans published sources, data and archives as appropriate for course contexts, an ability to translate institutional priorities into concrete and achievable goals and outcomes. The incumbent will be a highly collaborative leader who will deepen partnerships with academic departments, faculty, student success programs, and student services (e.g., Newbury Center, Howard Thurman Center for Common Ground, First‑Year Success, Wellbeing, tutoring centers) to co-create programming that integrates library resources into student success pathways. Preference will be given to candidates equipped to lead the creation, curation, and maintenance of scalable online learning objects, tutorials, course guides, videos, and modular teaching materials for integration into the Course Management System, LibGuides, and Teaching Objects repositories. Preference will also be given to candidates demonstrating commitment to the profession through sustained and progressive scholarship, creative expression, and service at the state, regional, national, or international level. Required Skills: Master’s degree in library and/or Information Science from an ALA-accredited program, or equivalent professional experience, plus advanced degree in subject specialty. 5-8 years of experience. Demonstrated leadership experience in academic library instruction, reference services, or student engagement. Must have sufficient experience and expertise in library leadership, management, and the work of a team/unit/department to serve as a supervisor, advisor and mentor. Strong record of program development, assessment, and cross-campus partnership building. Experience with in-person and online instruction. Competence with information technologies and demonstrated effectiveness in integrating technology with traditional services and resources, particularly instruction. Excellent verbal and written communication skills, strong presentation, and customer service skills. Excellent analytical and organizational skills. Ability to work both independently and collaboratively as part of a team within a culturally diverse user community of faculty, students, staff, administrators, and the general public. Capacity to thrive in a dynamic environment, respond effectively to shifting needs and priorities of library constituents, and afford a willingness to be flexible with liaison and selector assignments as appointed. Flexible and forward-thinking approach to challenges and opportunities. Demonstrable collaborative management style and commitment to exceptional user services. Ability to cultivate an environment

Source: https://www.arl.org/job-posting/head-of-library-experience/",ARL
"Head, Special Collections Research, Engagement, and Instruction","University of Nevada, Las Vegas",NV,Academic,,,,2026-07-27,https://www.arl.org/job-posting/head-special-collections-research-engagement-and-instruction-2/,"Head, Special Collections Research, Engagement, and Instruction Head, Special Collections Research, Engagement, and Instruction University of Nevada, Las Vegas Job Location: Date Created: 07/27/2026 The University of Nevada, Las Vegas invites applications for Head, Special Collections Research, Engagement, and Instruction , UNLV University Libraries [R0152688] ROLE of the POSITION Reporting to the Director of Special Collections and Archives (SCA), the Head of Special Collections Research, Engagement, and Instruction provides direction, leadership, and expertise for all public services functions of the division, including reference and research services, circulation and security, outreach and promotion, and primary source literacy instruction. The position leads the planning, development, implementation, promotion, and assessment of user-centered services provided to students and patrons, ensuring an integrated and coordinated approach to customer service, community engagement, and teaching in line with SCA and UNLV Libraries priorities. This role collaborates within SCA and across the Libraries to increase the visibility and use of services and collections, enhance student academic success, and remove barriers to access of collections. The position directly supervises 1 FTE and may directly or indirectly supervise a variable number of undergraduate and graduate student assistants as resources allow. The Head of Special Collections Research, Engagement, and Instruction is a core member of the SCA Area Leads Team, the division’s cross-functional leadership team, which advocates for the work and staff of the division. PROFILE of the UNLV UNIVERSITY LIBRARIES As a strong partner in research and student learning, UNLV Libraries fosters critical thinking and lifelong learning at one of the nation’s fastest growing universities. University Libraries comprises Lied Library and four branch libraries and we are a gateway to more than 80,000 electronic journals, 1.2 million volumes, and 1.4 million e-books. We welcome individuals with diverse backgrounds to join our growing organization of over 120 experienced faculty librarians, professionals, and staff members. The primary mission of the Special Collections and Archives Division is to collect, preserve, provide discovery and access to, and promote, interpret, and instruct in the use of our materials. Special Collections and Archives documents the history, culture, and physical environment of the city of Las Vegas, the Southern Nevada region, the global gaming industry, and the University of Nevada, Las Vegas. Our collections include manuscripts, books, photographs, periodicals, maps, architectural drawings, oral history interviews, audiovisual materials, University archives, born-digital records, and other cultural artifacts. Significant collecting areas are: gaming and gambling; regional community groups and organizations; sexual entertainment and economies; Las Vegas entertainment and the arts; Las Vegas and urban resort architecture; mining and railroads; and Southern and Central Nevada history. The division is comprised of three departments: Technical Services; Research, Engagement, and Instruction; and Digital Collections. It also includes the Libraries’ preservation unit and conservation lab and the Oral History Research Center. Staff includes 10 academic faculty positions, 6 administrative faculty positions, and multiple student and temporary positions. COMMITMENT TO DIVERSITY OF THE UNLV UNIVERSITY LIBRARIES The successful candidate will demonstrate support for diversity, equity and inclusiveness as well as leading a respectful, positive work environment. The University Libraries values begin with our belief that everyone deserves a welcoming, inclusive, and equitable environment where they are treated with respect and dignity . The Libraries extends its commitment to diversity and equity in employment and especially welcomes applications from women, persons of color, persons 

Source: https://www.arl.org/job-posting/head-special-collections-research-engagement-and-instruction-2/",ARL
Music Metadata Librarian,Yale University,CT,Academic,,,,2026-07-27,https://www.arl.org/job-posting/music-metadata-librarian/,"Music Metadata Librarian Music Metadata Librarian Yale University Job Location: Date Created: 07/27/2026 Working at Yale means contributing to a better tomorrow. Whether you are a current resident of our New Haven-based community, eligible for opportunities through the New Haven Hiring Initiative, or a newcomer, interested in exploring all that Yale has to offer, your talents and contributions are welcome. Discover your opportunities at Yale! Overview Reporting to the Music Librarian for Metadata and Acquisitions, the Music Metadata Librarian supports the descriptive metadata needs for a broad spectrum of materials in Yale Library in a variety of languages. This includes original and complex copy cataloging for scores, sound recordings, audiovisual media, and books; authority work; entity management work; and management of special cataloging projects. Working with the Music Librarian for Metadata and Acquisitions, the Music Metadata Librarian contributes to department goalsetting, and will also participate in the development and documentation of descriptive practices and workflows for resources Yale Library. This work may occasionally involve training and revising the work of librarians, bibliographic assistants, and students. They seek opportunities to contribute to the Yale University Library through participation in committees, task forces, working groups, and projects. The Music Metadata Librarian is active professionally in external organizations such as the Music Library Association, Music OCLC Users Group, or other relevant groups. Descriptive cataloging for music resources is performed on bibliographic utilities in accordance with national standards and is managed in Yale’s library services platform. Subject analysis and classification follow Library of Congress standards and local practice. Authority records follow NACO standards and are contributed to the national authority file. This position will be assigned a rank of Librarian 3. Required Skills and Abilities 1. Qualified individuals new to the library profession are welcome to apply. Ability to read music notation, as well as a broad knowledge of music history, theory, and musical genres. Familiarity with music research methods. 2. Excellent written and verbal communication skills. Comfort working with materials in languages other than English, particularly French, German, Italian, and/or Spanish. 3. Knowledge of RDA, LC-PCC PS, MLA-BP, MARC, LCSH, and LCC standards and good understanding of authority control. Familiarity with current trends and best practices in cataloging and metadata services, and developments in metadata (Linked Data, BIBFRAME, entity management, etc.). 4. Excellent computer skills. Experience with cataloging software such as OCLC Connexion or WorldShare Record Manager. Proficient in Microsoft Office suite. 5. Demonstrated ability to succeed in a collaborative, team-based environment. Ability to set priorities and adhere to deadlines in a fast-paced work environment. Commitment to a high level of service to faculty, staff and students. Preferred Education, Experience and Skills 1. Experience with tools and coding for batch-related metadata transformation. Experience with project management. 2. Experience with authority control processes for music materials, i.e. participation in the NACO Music Project. 3. Knowledge of entity management practices Principal Responsibilities 1. Provides original cataloging/creates metadata for materials in all formats and subject areas. Applies descriptive standards (RDA, AACR2, DCRM, DACS, or VRC, etc.), structural standards (MARC, MODS, METS or EAD, etc.), and controlled vocabularies (LCNAF, or LCSH, etc,). Creates authority records applying standards and best practices, and assigns call numbers using Library of Congress Classification system. 2. Provides intellectual and physical management of ORBIS and other library databases. This may include authority control, record loading, ingesting objects, quality ass

Source: https://www.arl.org/job-posting/music-metadata-librarian/",ARL
"Head, Special Collections Research, Engagement, and Instruction","University of Nevada, Las Vegas",NV,Academic,,,,2026-07-27,https://www.arl.org/job-posting/head-special-collections-research-engagement-and-instruction/,"Head, Special Collections Research, Engagement, and Instruction Head, Special Collections Research, Engagement, and Instruction University of Nevada, Las Vegas Job Location: Date Created: 07/27/2026 The University of Nevada, Las Vegas invites applications for Head, Special Collections Research, Engagement, and Instruction , UNLV University Libraries [R0152688] ROLE of the POSITION Reporting to the Director of Special Collections and Archives (SCA), the Head of Special Collections Research, Engagement, and Instruction provides direction, leadership, and expertise for all public services functions of the division, including reference and research services, circulation and security, outreach and promotion, and primary source literacy instruction. The position leads the planning, development, implementation, promotion, and assessment of user-centered services provided to students and patrons, ensuring an integrated and coordinated approach to customer service, community engagement, and teaching in line with SCA and UNLV Libraries priorities. This role collaborates within SCA and across the Libraries to increase the visibility and use of services and collections, enhance student academic success, and remove barriers to access of collections. The position directly supervises 1 FTE and may directly or indirectly supervise a variable number of undergraduate and graduate student assistants as resources allow. The Head of Special Collections Research, Engagement, and Instruction is a core member of the SCA Area Leads Team, the division’s cross-functional leadership team, which advocates for the work and staff of the division. PROFILE of the UNLV UNIVERSITY LIBRARIES As a strong partner in research and student learning, UNLV Libraries fosters critical thinking and lifelong learning at one of the nation’s fastest growing universities. University Libraries comprises Lied Library and four branch libraries and we are a gateway to more than 80,000 electronic journals, 1.2 million volumes, and 1.4 million e-books. We welcome individuals with diverse backgrounds to join our growing organization of over 120 experienced faculty librarians, professionals, and staff members. The primary mission of the Special Collections and Archives Division is to collect, preserve, provide discovery and access to, and promote, interpret, and instruct in the use of our materials. Special Collections and Archives documents the history, culture, and physical environment of the city of Las Vegas, the Southern Nevada region, the global gaming industry, and the University of Nevada, Las Vegas. Our collections include manuscripts, books, photographs, periodicals, maps, architectural drawings, oral history interviews, audiovisual materials, University archives, born-digital records, and other cultural artifacts. Significant collecting areas are: gaming and gambling; regional community groups and organizations; sexual entertainment and economies; Las Vegas entertainment and the arts; Las Vegas and urban resort architecture; mining and railroads; and Southern and Central Nevada history. The division is comprised of three departments: Technical Services; Research, Engagement, and Instruction; and Digital Collections. It also includes the Libraries’ preservation unit and conservation lab and the Oral History Research Center. Staff includes 10 academic faculty positions, 6 administrative faculty positions, and multiple student and temporary positions. COMMITMENT TO DIVERSITY OF THE UNLV UNIVERSITY LIBRARIES The successful candidate will demonstrate support for diversity, equity and inclusiveness as well as leading a respectful, positive work environment. The University Libraries values begin with our belief that everyone deserves a welcoming, inclusive, and equitable environment where they are treated with respect and dignity . The Libraries extends its commitment to diversity and equity in employment and especially welcomes applications from women, persons of color, persons 

Source: https://www.arl.org/job-posting/head-special-collections-research-engagement-and-instruction/",ARL
Reference and Reading Room Manager,"University of Nevada, Las Vegas",NV,Academic,Remote,,,2026-07-23,https://www.arl.org/job-posting/reference-and-reading-room-manager/,"Reference and Reading Room Manager Reference and Reading Room Manager University of Nevada, Las Vegas Job Location: Date Created: 07/23/2026 The University of Nevada, Las Vegas invites applications for Reference and Reading Room Manager, UNLV University Libraries [R0152689]. ROLE of the POSITION Reporting to the Head of Special Collections Research, Engagement, and Instruction, the Reference and Reading Room Manager (RRM) provides strategic oversight and leadership of Special Collections and Archives (SCA) public service points, including our onsite reading room and remote reference queries. They ensure that knowledgeable and effective reference and research services are provided to all SCA patrons. The position supervises 3-5 student assistants in the performance of reference and administrative duties essential to the division. Responsibilities: Develop and implement policies and workflows for conducting all aspects of the reference process, following professional standards for public services. Train all SCA faculty, staff, and students who work on the reference desk, ensuring that everyone who works the desk is maintaining a high level of customer service Serve 8 hours per week on the reference desk and coordinate both the reference desk and paging schedules. Troubleshoot and resolve problems that arise in the reading room and discern when an issue may need to be escalated to a higher authority. Serve as the first point of contact for SCA and phone reference requests, managing the majority of remote reference queries. Develop expertise in general Las Vegas and Nevada history and SCA’s archival and rare book holdings in order to provide effective reference assistance. Coordinate responses to copyright and permissions requests, conducting research on the copyright status of items in the collections and overseeing the permissions process. As such, they are expected to understand the basics of US copyright law. Collaborate with colleagues in Digital Collections to manage the reproduction workflow, accurately invoice patrons for orders, and manage the PCI-compliant payment process. Collaborate with the Head of Special Collections Research, Engagement, and Instruction to develop and execute outreach events, coordinate instruction sessions, select materials for classes, and supervise students during instruction activities. Coordinate and provide tours of the division. PROFILE of the UNLV UNIVERSITY LIBRARIES As a strong partner in research and student learning, UNLV Libraries fosters critical thinking and lifelong learning at one of the nation’s fastest growing universities. University Libraries comprises Lied Library and four branch libraries and we are a gateway to more than 80,000 electronic journals, 1.2 million volumes, and 1.4 million e-books. We welcome individuals with diverse backgrounds to join our growing organization of over 120 experienced faculty librarians, professionals, and staff members. The primary mission of the Special Collections and Archives Division is to collect, preserve, provide discovery and access to, and promote, interpret, and instruct in the use of our materials. Special Collections and Archives document the history, culture, and physical environment of the city of Las Vegas, the Southern Nevada region, the global gaming industry, and the University of Nevada, Las Vegas. Our collections include manuscripts, books, photographs, periodicals, maps, architectural drawings, oral history interviews, audiovisual materials, University archives, born-digital records, and other cultural artifacts. Significant collecting areas are: gaming and gambling; regional community groups and organizations; sexual entertainment and economies; Las Vegas entertainment and the arts; Las Vegas and urban resort architecture; mining and railroads; and Southern and Central Nevada history. The division is comprised of three departments: Technical Services, Public Services, and Digital Collections. It also includes the Libraries’ 

Source: https://www.arl.org/job-posting/reference-and-reading-room-manager/",ARL
Behavioral & Social Sciences Librarian – Library,University of California Berkeley,CA,Academic,,,,2026-07-21,https://www.arl.org/job-posting/behavioral-social-sciences-librarian-library/,"Behavioral & Social Sciences Librarian – Library Behavioral & Social Sciences Librarian – Library University of California Berkeley Job Location: Date Created: 07/21/2026 Behavioral & Social Sciences Librarian – Library Position overview Position title: Associate Librarian, Career Status or Potential Career Status Salary range: The UC academic salary scales set the minimum pay determined by rank and salary point at appointment. See the following table(s) for the current salary scale(s) for this position: TABLE 26B REPRESENTED LIBRARIAN SERIES FISCAL YEAR SALARY SCALE . A reasonable full-time salary estimate for this position is $83,162 to $108,548. Percent time: 100% Anticipated start: As early as November 2, 2026. Start date is flexible. Position duration: This is a full-time potential career appointment. Application Window Open date: July 16, 2026 Next review date: Sunday, Aug 16, 2026 at 11:59pm (Pacific Time) Apply by this date to ensure full consideration by the committee. Final date: Saturday, Oct 31, 2026 at 11:59pm (Pacific Time) Applications will continue to be accepted until this date, but those received after the review date will only be considered if the position has not yet been filled. Position description The University of California, Berkeley is hiring a Behavioral & Social Sciences Librarian to join the Library’s Social Sciences Division. The division supports world-class teaching and research in the social sciences, providing innovative collection development and other user-focused services including data and information literacy, course-based instruction, and research support. The Environment The UC Berkeley Library is an internationally renowned research and teaching facility at the nation’s premier public university. A highly diverse and intellectually rich environment, Berkeley serves a campus community of 33,070 undergraduate students, 12,812 graduate students, and 1,525 faculty. The Library comprises 20 campus libraries, including the Doe Library, the Moffitt Library, The Bancroft Library, the C.V. Starr East Asian Library, and numerous subject specialty libraries. With a collection of more than 12 million volumes and a collections budget of over $15 million, the Library offers extensive resources in all formats and robust services to connect users with the collections and build their research skills. Discover more about our collections and services at the UC Berkeley Library website. The Library’s Social Sciences Division is comprised of librarians, library career staff, and student library employees who collectively support the teaching and research needs of students and faculty in twelve social science departments within the College of Letters & Science, six professional schools, three International and Area Studies programs, and an array of Organized Research Units. The division oversees three subject specialty libraries: the Business Library, the Environmental Design Library, and the Social Research Library. This position reports to the head of the Library’s Social Sciences Division. The Librarian in this role serves as a liaison for three academic departments—Psychology, Sociology, and Demography—encompassing a rich array of undergraduate and graduate programs, as well as the School of Social Welfare. Faculty in the Psychology department conduct research and teaching in areas including developmental, social, and personality psychology, as well as behavioral and systems neuroscience, clinical science, cognition, and cognitive neuroscience. UC Berkeley’s Sociology and Demography departments are leading centers for social research, specializing in social theory, public sociology, and the quantitative and interdisciplinary study of population dynamics. The School of Social Welfare is dedicated to advancing social justice through evidence-based practice, policy research, and the preparation of leaders for the public and nonprofit sectors. Responsibilities The Behavioral & Social Sciences Librarian serv

Source: https://www.arl.org/job-posting/behavioral-social-sciences-librarian-library/",ARL
Project Curator for Women in Politics Collections – The Bancroft Library,University of California Berkeley,CA,Academic,,,,2026-07-21,https://www.arl.org/job-posting/project-curator-for-women-in-politics-collections-the-bancroft-library/,"Project Curator for Women in Politics Collections – The Bancroft Library Project Curator for Women in Politics Collections – The Bancroft Library University of California Berkeley Job Location: Date Created: 07/21/2026 Project Curator for Women in Politics Collections – The Bancroft Library Position overview Position title: Associate Librarian, Temporary Status Salary range: The UC academic salary scales set the minimum pay determined by rank and salary point at appointment. See the following table(s) for the current salary scale(s) for this position: TABLE 26B REPRESENTED LIBRARIAN SERIES FISCAL YEAR SALARY SCALE . A reasonable full-time salary estimate for this position is $83,162 to $95,010. Percent time: 100% Anticipated start: As early as September 2026. Exact start date negotiable. Position duration: Two years with the possibility of renewal for a third year based on performance and availability of funding Application Window Open date: July 10, 2026 Next review date: Monday, Aug 10, 2026 at 11:59pm (Pacific Time) Apply by this date to ensure full consideration by the committee. Final date: Saturday, Oct 31, 2026 at 11:59pm (Pacific Time) Applications will continue to be accepted until this date, but those received after the review date will only be considered if the position has not yet been filled. Position description The Bancroft Library is hiring a Curator for its Women in Politics collections to steward, develop, and interpret its holdings of manuscripts, archives, and other materials documenting the history of women in politics in the United States. The Curator, with the guidance of the Bancroft Director, will develop a collections strategy that identifies and scopes strategic priorities for Bancroft’s collections related to women in politics from the 19th century onward. They will also engage in research into the library’s existing holdings to identify collection strengths, gaps, and areas for growth. As part of planning for the future of this collecting area, the curator will identify and build relationships with donors, political organizations, cultural institutions, and other key stakeholders. As part of their work to engage with existing collections, the curator will work collaboratively with colleagues in Bancroft Technical Services and Public Services to offer guidance and support in making existing collections accessible and usable, partner with instructors and library colleagues in teaching with the collections, engage in scholarly outreach, and participate in research services activities. The curator will also coordinate with the Oral History Center and curatorial colleagues to ensure cohesive stewardship of collections, and collaborate with partners across the UC Berkeley Library system and campus to foster engagement with the collections. The Bancroft Library is committed to a collecting agenda that foregrounds diverse perspectives and historical voices, activating collections for multiple audiences. This position reports to The Bancroft Library Director and is part of a curatorial team that includes the University Archivist, the Theresa Salazar Curator of the Western Americana Collections, the Curator of Latin Americana Collections, the Curator of Pictorial Collections, and the Curator of Rare Books and Literary Manuscripts. Summary of the Collections The Bancroft Library holds extensive collections documenting the history of women in American politics, with particular strength in California and the western United States. Spanning the mid-nineteenth century to the present, the holdings include personal papers, organizational records, campaign materials, and feminist press publications covering suffrage, women’s entry into elected and appointed office, party politics, community organizing, and the intersections of women’s political work with civil rights, labor reform, environmental protection, peace, and reproductive rights. Collections are especially rich for the period from the early twentieth-centur

Source: https://www.arl.org/job-posting/project-curator-for-women-in-politics-collections-the-bancroft-library/",ARL
Behavioral & Social Sciences Librarian,UC Berkeley,CA,Academic,Remote,,,2026-07-20,https://www.arl.org/job-posting/behavioral-social-sciences-librarian/,"Behavioral & Social Sciences Librarian Behavioral & Social Sciences Librarian UC Berkeley Job Location: Apply By: 08/16/2026 Date Created: 07/20/2026 The University of California, Berkeley is hiring a Behavioral & Social Sciences Librarian to join the Library’s Social Sciences Division. The division supports world-class teaching and research in the social sciences, providing innovative collection development and other user-focused services including data and information literacy, course-based instruction, and research support. The Environment The UC Berkeley Library is an internationally renowned research and teaching facility at the nation’s premier public university. A highly diverse and intellectually rich environment, Berkeley serves a campus community of 33,070 undergraduate students, 12,812 graduate students, and 1,525 faculty. The Library comprises 20 campus libraries, including the Doe Library, the Moffitt Library, The Bancroft Library, the C.V. Starr East Asian Library, and numerous subject specialty libraries. With a collection of more than 12 million volumes and a collections budget of over $15 million, the Library offers extensive resources in all formats and robust services to connect users with the collections and build their research skills. Discover more about our collections and services at the UC Berkeley Library website. The Library’s Social Sciences Division is comprised of librarians, library career staff, and student library employees who collectively support the teaching and research needs of students and faculty in twelve social science departments within the College of Letters & Science, six professional schools, three International and Area Studies programs, and an array of Organized Research Units. The division oversees three subject specialty libraries: the Business Library, the Environmental Design Library, and the Social Research Library. This position reports to the head of the Library’s Social Sciences Division. The Librarian in this role serves as a liaison for three academic departments—Psychology, Sociology, and Demography—encompassing a rich array of undergraduate and graduate programs, as well as the School of Social Welfare. Faculty in the Psychology department conduct research and teaching in areas including developmental, social, and personality psychology, as well as behavioral and systems neuroscience, clinical science, cognition, and cognitive neuroscience. UC Berkeley’s Sociology and Demography departments are leading centers for social research, specializing in social theory, public sociology, and the quantitative and interdisciplinary study of population dynamics. The School of Social Welfare is dedicated to advancing social justice through evidence-based practice, policy research, and the preparation of leaders for the public and nonprofit sectors. Responsibilities The Behavioral & Social Sciences Librarian serves as the primary liaison for the Departments of Psychology, Sociology, Demography, and the School of Social Welfare, providing library instruction and research support for a diverse group of undergraduate students, graduate students, faculty, and staff. Liaison librarians work with their departments to: Provide virtual and in-person research consultations Design and deliver curriculum-integrated instruction and workshops covering critical information literacy, social science research methods, and evidence-based research practices Develop and maintain online subject and course guides, tutorials, and other digital learning objects to support remote and asynchronous learning Build positive working relationships with academic staff, faculty, and students by attending departmental meetings, holding regular office hours, and developing collaborative projects Collect and analyze user data to assess user needs Promote library resources and services to support Berkeley’s teaching and research through outreach, exhibits, and programming Collaborate across library divisions and with 

Source: https://www.arl.org/job-posting/behavioral-social-sciences-librarian/",ARL
University Librarian,Iowa State University,IA,Academic,Remote,,,2026-07-20,https://www.arl.org/job-posting/university-librarian-9/,"University Librarian University Librarian Iowa State University Job Location: Date Created: 07/20/2026 University Librarian Iowa State University of Science and Technology , one of the nation’s leading land-grant institutions, invites applications and nominations for the position of Colonel Gary G. Swenson, Ph.D. Endowed University Librarian . This is an endowed senior leadership position responsible for all university libraries. The University Library is a student-centered R1 academic library that supports research, teaching, and learning across every discipline at Iowa State University. It includes Parks Library, the Veterinary Medical Library, and the Remote Library Storage Facility. With an annual operating budget of approximately $24 million, a $5 million endowment, and more than $500,000 in annual private support, the library partners closely with academic units, student affairs, and the broader community. Parks Library is the intellectual and social hub of campus, welcoming nearly one million visitors each year. It offers diverse study spaces, advanced technology, specialized learning and media production facilities, and collaborative environments that foster student success, innovative teaching, and wellbeing through initiatives such as Cyclone Support Central. The Colonel Gary G. Swenson Ph.D. University Librarian , an endowed position reporting to the Senior Vice President and Provost, serves as the chief academic and administrative leader of the Iowa State University Library. The University Librarian advances the university’s land-grant mission by championing student success, strengthening research excellence, and leading the strategic integration of emerging technologies, including artificial intelligence. As a member of the university’s senior leadership team, the Librarian develops strategy, cultivates partnerships, secures internal and external support, and fosters a culture of innovation and excellence. The position oversees 103 staff, 100 student employees, and 12 library departments, ensuring outstanding services, collections, technology, and research support for the university community. Required and preferred qualifications, and the complete job description are available in the full position profile linked here . Academic Search is assisting Iowa State University in this search. All inquiries, nominations, and applications will be held in strict confidence. To learn more about this opportunity and discuss your qualifications and interest, potential applicants are encouraged to schedule a confidential conversation with our Senior Consultant, Stacey Morgan Foster, JD. Please contact [ protected] . Applications may be submitted though www.academicsearch.org/IowaStateULApply . Please include a detailed cover letter , addressed to the Search Committee, addressing your interest in this position and the specific ways you meet the qualifications and expectations outlined in this search profile; a current full resume or curriculum vitae that includes relevant education, positions/titles, responsibilities, and accomplishments; and a list of five professional references , including their names, titles, organizations, phone numbers, and addresses, noting your relationship with each reference. References will not be contacted until later in the search process upon the candidate’s permission. The best consideration application deadline is September 10, 2026 , with a start date of February 1, 2027 (negotiable). Although nominations are not required to be considered for this position, leaders who know of outstanding candidate are welcome to submit confidential nominations by sending an to [ protected] . Please include the nominee’s full name, position, institution/organization, and address. Academic Search will notify individuals of their nomination, provide details about the position, and encourage them to apply. Iowa State University does not discriminate on the basis of race, color, age, religion, creed, national origin

Source: https://www.arl.org/job-posting/university-librarian-9/",ARL
Collection Development and Scholarly Communications Librarian,Emory University,GA,Academic,,,,2026-07-14,https://www.arl.org/job-posting/collection-development-and-scholarly-communications-librarian/,"Collection Development and Scholarly Communications Librarian Collection Development and Scholarly Communications Librarian Emory University Job Location: Date Created: 07/14/2026 Collection Development and Scholarly Communications Librarian Emory University: EUL: Emory University Libraries Location Atlanta, GA Description Position Summary The Collection Development and Scholarly Communications Librarian will serve a dual role, focusing on health sciences and healthcare scholarly communications support and overseeing collection development within the Woodruff Health Sciences Center Library (WHSCL). Reporting to the Research Informationist, the librarian will contribute to enhancing research, publishing, and scholarly impact for health sciences researchers and use their knowledge of scholarly communications and research trends to develop and maintain a library collection that meets the diverse and evolving needs of the Woodruff Health Sciences Center. In the area of scholarly communications, this librarian will work with faculty, researchers, clinicians, and students to improve the visibility, accessibility, and impact of their scholarly work. The librarian will provide expert guidance on health sciences related scholarly publishing, open access, research metrics, and compliance with funder requirements, while supporting services that promote research dissemination, evaluation, and responsible scholarship. The librarian will work closely with colleagues across the library, especially the Library Office of Scholarly Communications and with campus partners to align efforts with institutional priorities in research excellence and knowledge sharing. This role also encompasses the primary responsibility for collection development within the Woodruff Health Sciences Center Library. Working closely with WHSCL colleagues and the Director of Collections and Open Strategies, the librarian will oversee a collection development budget of over $5 million, managing the selection, acquisition, and review of information resources in all formats, with a particular focus on electronic resources. This includes participating in pricing negotiations with vendors and ensuring the collection aligns with the evolving needs of the health sciences community. The librarian will also play a key role in developing and refining the library’s health sciences resources to support faculty, staff, and student needs, as well as those of Emory Healthcare. Essential Responsibilities Scholarly Communications Foster increased awareness of publishing options and author rights, including journal selection, Creative Commons licensing, and open access author agreements. Help students and researchers on the health sciences campus build knowledge of publishing options and how each choice will affect distribution and rights to their work. Monitor the scholarly communications landscape in the health sciences, including related legislative, funding, and publishing trends and metrics. Assess trends and communicate implications across the Health Sciences Library and, where appropriate, incorporate into policies and documentation. Assist researchers with compliance with funder public access policies, including NIH Public Access Policy and other federal or foundation requirements. Promote awareness of emerging trends in scholarly communication, including open science, data management and sharing, and evolving publishing models to health sciences librarians and the Woodruff Health Sciences Center Community. Partner with and attend meetings of the Scholarly Communications Office in the Robert W. Woodruff Library to foster collaboration and bring awareness to current health science trends in scholarly communications. Design and deliver workshops, seminars, and instructional sessions on scholarly communication topics such as: Scholarly publishing strategies Author rights and copyright Research impact and visibility Develop online learning materials, research guides, and tutorials su

Source: https://www.arl.org/job-posting/collection-development-and-scholarly-communications-librarian/",ARL
Electronic Resources and Serials Librarian,"University of Nevada, Las Vegas",NV,Academic,,,,2026-07-14,https://www.arl.org/job-posting/electronic-resources-and-serials-librarian/,"Electronic Resources and Serials Librarian Electronic Resources and Serials Librarian University of Nevada, Las Vegas Job Location: Date Created: 07/14/2026 The University of Nevada, Las Vegas invites applications for Electronic Resources and Serials Librarian, UNLV University Libraries [R0152578]. ROLE of the POSITION The University of Nevada, Las Vegas Libraries seeks a dynamic and innovative Electronic Resources and Serials Librarian to provide leadership and management of the Libraries’ and electronic resource collections. Reporting to the Lead Acquisitions Librarian, the Electronic Resources and Serials Librarian provides strategic management and oversight of the entire serials lifecycle, including selection, acquisition, licensing, access management, and ongoing maintenance of continuing subscriptions and serials. As the Libraries’ serials holdings are predominantly electronic, management of the serials collection constitutes only a small portion of the overall workload. Working collaboratively across the organization, the Electronic Resources and Serials Librarian partners with colleagues in Collections, Interlibrary Loan and Acquisitions (CIA), Discovery Services, Library Technologies and Public Services to ensure seamless access to library resources and effective collection stewardship. Responsibilities: Manages serial and electronic resource lifecycle processes in Alma, utilizing software functionality to efficiently manage product lifecycle from acquisition through activation, establishing and maintaining access. This position is also responsible for resolving electronic resources access issues. Leads acquisition of electronic resources and serial purchases ensuring orders, renewals, and payments are prompt and assists with maintaining reliable order and financial records. Leads and manages documentation for serial and subscription workflows, procedures, and any associated policies for the acquisition, activation, and access of electronic resources in Alma and the management of serial subscriptions in vendor and publisher systems. Updates details, workflows, procedures and associated policies, as needed. Collaborates with the Head of Collections, Interlibrary Loan, and Acquisitions (CIA) to review, negotiate, and manage license agreements with publishers and vendors. Works with department stakeholders to develop and implement policies and procedures for recording and maintaining key license terms in Alma. Works with the Head of CIA and campus stakeholders to ensure licensed materials meet and comply with institutional accessibility requirements and best practices. Serves as the primary liaison with vendors, publishers, and aggregators for library resource access and subscription management. Coordinates subscription lifecycle activities, including renewals, changes, cancellations, claims, and vendor transitions, while ensuring timely issue resolution and accurate records. Communicates information concerning electronic information resources to University Libraries colleagues, as necessary. Assists in the collection, analysis, and reporting of data that supports the assessment and evaluation of electronic resources, workflows, and the systems and tools used to manage them. As an Academic Faculty member, the incumbent will be expected to engage in scholarly activities and to provide service to the university, community, and profession in accordance with UNLV and University Libraries standards for promotion and tenure. PROFILE of the UNLV UNIVERSITY LIBRARIES As a strong partner in research and student learning, UNLV Libraries fosters critical thinking and lifelong learning at one of the nation’s fastest growing universities. University Libraries comprises Lied Library and four branch libraries and we are a gateway to more than 80,000 electronic journals, 1.2 million volumes, and 1.4 million e-books. We welcome individuals with diverse backgrounds to join our growing organization of over 120 experienced faculty librarian

Source: https://www.arl.org/job-posting/electronic-resources-and-serials-librarian/",ARL
"Hartford, CT: Electronic Records Analyst (Librarian 2), Connecticut State Library",Connecticut State Library,CT,Government,,,,2026-10-01,https://archivesgig.com/2026/10/01/hartford-ct-electronic-records-analyst-librarian-2-connecticut-state-library/,"Link out to job announcement

Source: https://archivesgig.com/2026/10/01/hartford-ct-electronic-records-analyst-librarian-2-connecticut-state-library/",Archives Gig
"Nantucket, MA/Remote: Obed Macy Research Chair, Nantucket Historical Association",Nantucket Historical Association,MA,Museum,Remote,,,2026-10-01,https://archivesgig.com/2026/10/01/nantucket-ma-remote-obed-macy-research-chair-nantucket-historical-association/,"Job Opening Title:Obed Macy Research Chair Name of Employer:Nantucket Historical Association Job Site Location (City AND State):Nantucket, MA Application Deadline:November 15, 2026 Minimum Degree Requirement:MA or PhD in history, American Studies, Public History, Archeology, Anthropology, orother relevant field, or equivalent job experience. Years of experience required: Salary Range: Job Opening URL:https://nha.org/administration/employment/

Source: https://archivesgig.com/2026/10/01/nantucket-ma-remote-obed-macy-research-chair-nantucket-historical-association/",Archives Gig
"Davidson, NC: Rare Materials Cataloger & Collections Manager, Davidson College",Davidson College,NC,Academic,,,,2026-09-30,https://archivesgig.com/2026/09/30/davidson-nc-rare-materials-cataloger-collections-manager-davidson-college/,"Job Opening Title:Rare Materials Cataloger and Collections Manager Name of Employer:Davidson College Job Site Location (City AND State):Davidson, NC Application Deadline:10/19/2026 Minimum Degree Requirement:MLIS Years of experience required: Salary Range: Job Opening URL:https://fa-exci-saasfaprod1.fa.ocs.oraclecloud.com/hcmUI/CandidateExperience/en/sites/CX_2/job/1050 Job Description (if URL to posting not available). Include instructions for how to apply:Davidson College Library seeks a Rare Materials Cataloger and … Continue reading ""Davidson, NC: Rare Materials Cataloger & Collections Manager, Davidson College""

Source: https://archivesgig.com/2026/09/30/davidson-nc-rare-materials-cataloger-collections-manager-davidson-college/",Archives Gig
"Charlotte, NC: Digitization Archivist, University of North Carolina, Charlotte",Charlotte,NC,Academic,,,,2026-09-29,https://archivesgig.com/2026/09/29/charlotte-nc-digitization-archivist-university-of-north-carolina-charlotte/,"Job Opening Title:Digitization Archivist Name of Employer:UNC Charlotte – Atkins Library Job Site Location (City AND State):Charlotte, NC Application Deadline:Open until filled – first review begins 10/31/2026 Minimum Degree Requirement:MLIS or other relevant graduate degree Years of experience required: Salary Range:$68,000 Job Opening URL:https://jobs.charlotte.edu/postings/70817

Source: https://archivesgig.com/2026/09/29/charlotte-nc-digitization-archivist-university-of-north-carolina-charlotte/",Archives Gig
"Cambridge, MA: Archivist, Schlesinger Library, Radcliffe Institute for Advanced Study at Harvard University",Radcliffe Institute for Advanced Study at Harvard University,MA,Academic,,,,2026-09-28,https://archivesgig.com/2026/09/28/cambridge-ma-archivist-schlesinger-library-radcliffe-institute-for-advanced-study-at-harvard-university/,"Job Opening Title:Archivist Name of Employer:Schlesinger Library Job Site Location (City AND State):Cambridge MA Application Deadline: Minimum Degree Requirement:ALA-accredited MLS (Master’s in Library Science) with a concentration in archives management, or an MA in history or a related field Years of experience required:Two Salary Range:75,000-80,000 Job Opening URL:https://careers.harvard.edu/job/archivist-in-cambridge-ma-united-states-jid-2238

Source: https://archivesgig.com/2026/09/28/cambridge-ma-archivist-schlesinger-library-radcliffe-institute-for-advanced-study-at-harvard-university/",Archives Gig
"Trenton, NJ: Publications Assistant (scanning), New Jersey State Archives",New Jersey State Archives,NJ,Academic,,,,2026-09-28,https://archivesgig.com/2026/09/28/trenton-nj-publications-assistant-scanning-new-jersey-state-archives/,"Job Opening Title:Publications Assistant (Scanning) Name of Employer:New Jersey State Archives Job Site Location (City AND State):Trenton, NJ Application Deadline:October 9, 2026 Minimum Degree Requirement:Preference will be given to applicants with college-level credits in history Years of experience required: Salary Range:$16.00 – $24.00 per hour commensurate with experience and education Job Opening URL:https://www.nj.gov/state/assets/pdf/employment/sta-2026-015.pdf

Source: https://archivesgig.com/2026/09/28/trenton-nj-publications-assistant-scanning-new-jersey-state-archives/",Archives Gig
"Trenton, NJ: Reference Assistants (2 vacancies), New Jersey State Archives",New Jersey State Archives,NJ,Academic,,,,2026-09-28,https://archivesgig.com/2026/09/28/trenton-nj-reference-assistants-2-vacancies-new-jersey-state-archives/,"Job Opening Title:Reference Assistant (2 vacancies) Name of Employer:New Jersey State Archives Job Site Location (City AND State):Trenton, NJ Application Deadline:October 9, 2026 Minimum Degree Requirement:Preference will be given to applicants with college-level credits in history Years of experience required: Salary Range:$16.00 – $21.00 per hour commensurate with experience and education Job Opening URL:https://www.nj.gov/state/assets/pdf/employment/sta-2026-016.pdf

Source: https://archivesgig.com/2026/09/28/trenton-nj-reference-assistants-2-vacancies-new-jersey-state-archives/",Archives Gig
"Richmond, VA: Local Records Archivist, Library of Virginia",Library of Virginia,VA,Other,,,,2026-09-28,https://archivesgig.com/2026/09/28/richmond-va-local-records-archivist-library-of-virginia-3/,"Job Opening Title:Local Records Archivist Name of Employer:Library of Virginia Job Site Location (City AND State):Richmond, Virginia Application Deadline:10/14/2026 Minimum Degree Requirement:n/a Years of experience required:n/a Salary Range:Up to $58,800 Job Opening URL:https://www.jobs.virginia.gov/jobs/local-records-archivist-00188-richmond-virginia-united-states

Source: https://archivesgig.com/2026/09/28/richmond-va-local-records-archivist-library-of-virginia-3/",Archives Gig
"St Paul, MN: Paid MPR Archive Intern, American Public Media Group/MN Public Radio",American Public Media Group/MN Public Radio,MN,Other,,,,2026-09-28,https://archivesgig.com/2026/09/28/st-paul-mn-paid-mpr-archive-intern-american-public-media-group-mn-public-radio/,"Job Opening Title:MPR Archive Intern Name of Employer:American Public Media Group/Minnesota Public Radio Job Site Location (City AND State):Saint Paul, MN Application Deadline:Open until filled Minimum Degree Requirement:Currently enrolled in post-secondary/graduate program Years of experience required:0-5 Salary Range:$20/hour Job Opening URL:https://recruiting2.ultipro.com/AME1098APMG/JobBoard/4b7ae4eb-a67b-4318-80fc-6d9467f9c542/OpportunityDetail?opportunityId=d79b0c9f-8453-4d4a-869d-cb78d8400799

Source: https://archivesgig.com/2026/09/28/st-paul-mn-paid-mpr-archive-intern-american-public-media-group-mn-public-radio/",Archives Gig
"La Crosse, WI: Special Collections Librarian, University of Wisconsin – La Crosse",University of Wisconsin – La Crosse,WI,Academic,,,,2026-09-28,https://archivesgig.com/2026/09/28/la-crosse-wi-special-collections-librarian-university-of-wisconsin-la-crosse/,"Job Opening Title:Special Collections Librarian (9-month tenure track faculty) Name of Employer:University of Wisconsin-La Crosse Job Site Location (City AND State):La Crosse, Wisconsin Application Deadline:First review October 22, 2026 Minimum Degree Requirement:MA Library and Information Studies Years of experience required: Salary Range: Job Opening URL:https://wisconsin.wd1.myworkdayjobs.com/en-US/UW_Comprehensives/job/Special-Collections-Librarian–Assistant-Professor—-Murphy-Library_JR10015116 Job Description (if URL to posting not available). Include instructions … Continue reading ""La Crosse, WI: Special Collections Librarian, University of Wisconsin – La Crosse""

Source: https://archivesgig.com/2026/09/28/la-crosse-wi-special-collections-librarian-university-of-wisconsin-la-crosse/",Archives Gig
